id_caso,categoria_caso,complejidad_caso,id_juez,carga_trabajo_juez_pct,especialidad_coincide,tiempo_resolucion_dias
EXP-64052,Familiar,5,J-001,16.62,0,134
EXP-65915,Laboral,3,J-002,45.63,0,92
EXP-55546,Familiar,4,J-005,46.0,0,130
EXP-77157,Laboral,4,J-004,16.5,0,132
EXP-67829,Familiar,2,J-005,67.07,0,111
EXP-46727,Penal,1,J-005,45.02,1,15
EXP-64366,Familiar,3,J-001,79.57,0,158
EXP-53728,Penal,4,J-001,10.24,0,137
EXP-99127,Familiar,2,J-005,19.33,0,87
EXP-11290,Familiar,1,J-005,37.15,0,84
EXP-12785,Laboral,5,J-003,26.49,0,148
EXP-35609,Laboral,5,J-002,30.16,0,135
EXP-28297,Laboral,5,J-003,63.78,0,142
EXP-94399,Penal,4,J-005,45.65,1,63
EXP-93747,Laboral,1,J-005,90.87,0,110
EXP-18921,Penal,4,J-001,61.38,0,127
EXP-89447,Laboral,4,J-002,14.19,0,137
EXP-12133,Laboral,1,J-001,85.58,1,63
EXP-90596,Penal,5,J-001,22.96,0,159
EXP-92316,Familiar,4,J-002,84.51,1,105
EXP-57291,Penal,2,J-004,48.8,0,101
EXP-53515,Familiar,5,J-003,32.37,0,127
EXP-71860,Penal,4,J-002,26.42,0,140
EXP-34011,Laboral,1,J-002,20.97,0,79
EXP-72298,Penal,4,J-003,56.29,1,56
EXP-34027,Familiar,4,J-005,63.29,0,125
EXP-57156,Familiar,4,J-002,25.7,1,68
EXP-18902,Familiar,2,J-001,58.12,0,93
EXP-48855,Familiar,5,J-001,33.57,0,148
EXP-56320,Familiar,4,J-005,11.24,0,115
EXP-68585,Penal,5,J-002,77.85,0,182
EXP-56772,Penal,1,J-003,26.43,1,24
EXP-25604,Laboral,2,J-001,48.33,1,37
EXP-18966,Familiar,4,J-002,23.18,1,57
EXP-66413,Laboral,5,J-005,38.31,0,123
EXP-97735,Laboral,1,J-004,49.63,0,81
EXP-38510,Penal,3,J-002,90.09,0,144
EXP-95228,Laboral,5,J-005,27.53,0,149
EXP-55895,Laboral,1,J-003,42.1,0,74
EXP-66534,Familiar,3,J-003,89.12,0,131
EXP-62741,Laboral,3,J-001,30.44,1,46
EXP-90396,Laboral,3,J-001,20.28,1,52
EXP-72312,Penal,5,J-002,21.14,0,115
EXP-41644,Familiar,2,J-001,12.03,0,98
EXP-43845,Laboral,1,J-004,22.47,0,87
EXP-14442,Familiar,3,J-002,48.95,1,52
EXP-19439,Familiar,5,J-002,81.49,1,101
EXP-83958,Familiar,5,J-005,80.05,0,175
EXP-24705,Penal,5,J-001,39.12,0,138
EXP-61393,Laboral,3,J-003,84.81,0,128
EXP-70443,Laboral,2,J-003,65.22,0,116
EXP-35205,Familiar,1,J-003,73.31,0,80
EXP-54752,Penal,1,J-002,65.45,0,89
EXP-95420,Laboral,1,J-001,13.66,1,17
EXP-74434,Penal,1,J-004,49.8,0,88
EXP-82573,Laboral,1,J-003,40.51,0,62
EXP-88265,Laboral,3,J-003,87.95,0,130
EXP-81229,Familiar,4,J-004,12.56,1,64
EXP-55817,Penal,2,J-005,94.46,1,53
EXP-37980,Familiar,1,J-005,60.54,0,74
EXP-68557,Penal,1,J-003,45.15,1,17
EXP-52191,Penal,1,J-004,45.54,0,84
EXP-17821,Familiar,5,J-004,85.17,1,95
EXP-43383,Familiar,2,J-002,35.46,1,32
EXP-83333,Laboral,4,J-004,32.36,0,134
EXP-68318,Familiar,1,J-003,29.96,0,78
EXP-82266,Laboral,3,J-005,85.7,0,150
EXP-86870,Laboral,5,J-005,60.79,0,144
EXP-89228,Laboral,2,J-004,49.02,0,78
EXP-60982,Laboral,2,J-003,10.67,0,108
EXP-47265,Familiar,2,J-001,74.29,0,105
EXP-76145,Laboral,3,J-002,68.49,0,120
EXP-37593,Familiar,1,J-003,89.85,0,114
EXP-16426,Familiar,4,J-005,85.66,0,142
EXP-77960,Laboral,5,J-004,69.97,0,157
EXP-90849,Laboral,5,J-002,27.72,0,139
EXP-69440,Penal,2,J-003,93.88,1,48
EXP-79367,Laboral,3,J-003,38.02,0,117
EXP-94050,Laboral,3,J-004,82.28,0,158
EXP-48597,Familiar,1,J-004,48.66,1,16
EXP-45461,Laboral,1,J-004,87.63,0,97
EXP-95025,Familiar,1,J-004,74.79,1,8
EXP-79327,Familiar,3,J-002,54.52,1,42
EXP-89988,Familiar,4,J-003,74.53,0,128
EXP-92011,Penal,4,J-004,86.46,0,158
EXP-11002,Laboral,4,J-004,75.51,0,182
EXP-82853,Penal,5,J-005,19.48,1,63
EXP-98950,Penal,3,J-002,60.21,0,127
EXP-88794,Familiar,4,J-002,82.83,1,117
EXP-26618,Familiar,2,J-005,51.5,0,111
EXP-56832,Laboral,3,J-002,19.86,0,98
EXP-21964,Laboral,2,J-005,73.69,0,103
EXP-12254,Laboral,1,J-002,27.34,0,83
EXP-85489,Laboral,1,J-004,91.47,0,119
EXP-84987,Penal,4,J-005,88.67,1,71
EXP-56788,Laboral,1,J-001,41.97,1,10
EXP-79249,Laboral,5,J-005,89.31,0,178
EXP-20114,Laboral,4,J-005,66.88,0,107
EXP-56852,Laboral,4,J-002,66.1,0,141
EXP-65065,Penal,3,J-004,67.86,0,101
EXP-41086,Familiar,4,J-002,77.04,1,72
EXP-51207,Penal,4,J-005,62.29,1,54
EXP-79206,Penal,2,J-004,23.18,0,112
EXP-72404,Laboral,4,J-002,92.12,0,151
EXP-75374,Penal,5,J-001,86.24,0,161
EXP-36722,Laboral,1,J-004,40.9,0,75
EXP-10648,Penal,3,J-004,25.93,0,110
EXP-51854,Laboral,2,J-001,16.92,1,27
EXP-26239,Laboral,1,J-003,74.91,0,69
EXP-98799,Laboral,3,J-005,74.78,0,110
EXP-26138,Familiar,2,J-005,77.05,0,145
EXP-17718,Penal,3,J-001,62.25,0,103
EXP-66694,Laboral,1,J-003,28.72,0,62
EXP-82059,Penal,2,J-004,41.96,0,105
EXP-40990,Penal,4,J-004,40.96,0,119
EXP-86076,Penal,3,J-002,89.22,0,142
EXP-22497,Familiar,2,J-003,76.75,0,114
EXP-91198,Penal,4,J-005,94.56,1,78
EXP-65814,Penal,5,J-005,84.74,1,111
EXP-31787,Penal,4,J-002,31.92,0,102
EXP-86996,Familiar,3,J-001,85.33,0,154
EXP-17872,Laboral,1,J-003,25.69,0,97
EXP-83860,Familiar,2,J-004,82.28,1,60
EXP-96464,Penal,5,J-003,46.2,1,82
EXP-90669,Penal,4,J-004,13.85,0,119
EXP-39622,Laboral,5,J-002,23.35,0,116
EXP-92375,Penal,4,J-004,68.24,0,118
EXP-17275,Familiar,3,J-001,25.99,0,100
EXP-78005,Familiar,1,J-003,29.86,0,67
EXP-67150,Familiar,2,J-001,31.59,0,84
EXP-65479,Penal,3,J-002,14.4,0,113
EXP-82083,Penal,3,J-005,26.9,1,55
EXP-24150,Familiar,4,J-002,57.2,1,63
EXP-14904,Laboral,4,J-003,54.66,0,146
EXP-71884,Familiar,3,J-002,67.44,1,31
EXP-22703,Penal,1,J-001,11.26,0,80
EXP-28538,Familiar,4,J-001,30.4,0,119
EXP-25083,Penal,3,J-004,29.45,0,106
EXP-63424,Familiar,5,J-005,56.43,0,131
EXP-16893,Familiar,4,J-002,11.86,1,52
EXP-69924,Familiar,4,J-004,52.29,1,54
EXP-84455,Penal,5,J-004,73.17,0,141
EXP-98461,Familiar,4,J-003,72.61,0,136
EXP-70668,Penal,2,J-004,70.9,0,96
EXP-44029,Familiar,3,J-005,75.45,0,126
EXP-82508,Familiar,2,J-005,34.1,0,106
EXP-70154,Familiar,4,J-003,77.86,0,129
EXP-11089,Penal,1,J-001,24.82,0,70
EXP-84619,Penal,2,J-004,45.66,0,96
EXP-80598,Penal,3,J-005,47.1,1,40
EXP-69153,Familiar,5,J-004,53.64,1,79
EXP-63644,Penal,1,J-003,51.96,1,6
EXP-23886,Penal,3,J-003,43.68,1,42
EXP-15604,Familiar,5,J-002,91.42,1,116
EXP-67553,Penal,5,J-002,47.59,0,126
EXP-94885,Laboral,1,J-001,35.94,1,5
EXP-16578,Familiar,2,J-004,16.83,1,36
EXP-99569,Laboral,5,J-005,71.6,0,129
EXP-91465,Laboral,2,J-003,79.03,0,125
EXP-18507,Penal,1,J-002,83.47,0,112
EXP-12927,Penal,5,J-001,89.63,0,167
EXP-39441,Laboral,1,J-004,71.42,0,65
EXP-48496,Familiar,4,J-001,50.14,0,112
EXP-35557,Laboral,5,J-005,13.83,0,161
EXP-73215,Familiar,1,J-003,42.1,0,72
EXP-75241,Laboral,1,J-003,31.74,0,70
EXP-55271,Familiar,4,J-005,29.3,0,132
EXP-25771,Familiar,5,J-005,52.93,0,126
EXP-51831,Penal,3,J-003,73.91,1,55
EXP-52199,Penal,2,J-003,21.84,1,27
EXP-79498,Familiar,4,J-001,25.69,0,125
EXP-83439,Laboral,2,J-003,83.11,0,116
EXP-43621,Familiar,4,J-005,32.51,0,117
EXP-44750,Penal,1,J-002,13.27,0,90
EXP-74771,Penal,4,J-002,55.89,0,107
EXP-39400,Laboral,4,J-005,55.17,0,126
EXP-20077,Penal,2,J-005,63.58,1,29
EXP-98822,Laboral,1,J-002,50.51,0,70
EXP-89432,Laboral,2,J-002,10.08,0,77
EXP-61630,Laboral,4,J-002,51.53,0,146
EXP-32551,Penal,3,J-005,73.88,1,44
EXP-87730,Familiar,5,J-003,43.98,0,125
EXP-69070,Laboral,3,J-004,11.9,0,123
EXP-81425,Penal,4,J-003,92.01,1,68
EXP-37668,Laboral,2,J-001,61.77,1,40
EXP-80762,Penal,1,J-003,42.9,1,35
EXP-53314,Laboral,1,J-001,24.36,1,16
EXP-69882,Penal,4,J-004,85.38,0,160
EXP-89458,Familiar,1,J-004,34.67,1,15
EXP-94635,Familiar,3,J-002,58.11,1,57
EXP-97886,Laboral,2,J-003,32.86,0,107
EXP-27771,Familiar,1,J-001,22.83,0,72
EXP-22153,Penal,5,J-003,46.25,1,81
EXP-56440,Laboral,3,J-001,54.31,1,37
EXP-45189,Laboral,1,J-001,78.82,1,38
EXP-27804,Laboral,1,J-003,59.06,0,71
EXP-85837,Penal,1,J-004,40.38,0,58
EXP-49152,Familiar,1,J-004,48.26,1,21
EXP-89684,Laboral,4,J-002,61.84,0,142
EXP-37633,Penal,5,J-005,65.84,1,76
EXP-29341,Familiar,3,J-004,24.92,1,52
EXP-13974,Familiar,4,J-004,27.94,1,49
EXP-51184,Laboral,1,J-002,81.19,0,103
EXP-42517,Laboral,5,J-002,47.69,0,128
EXP-50713,Familiar,4,J-005,43.35,0,122
EXP-86249,Laboral,3,J-001,59.05,1,48
EXP-44015,Familiar,4,J-003,54.45,0,118
EXP-62697,Familiar,3,J-004,27.77,1,35
EXP-12052,Laboral,4,J-001,58.27,1,70
EXP-74014,Laboral,5,J-004,75.29,0,161
EXP-15954,Penal,1,J-004,34.25,0,94
EXP-24277,Penal,1,J-002,75.27,0,115
EXP-90526,Familiar,1,J-001,64.4,0,88
EXP-17863,Laboral,4,J-001,24.73,1,72
EXP-69030,Laboral,1,J-002,82.18,0,102
EXP-41746,Familiar,4,J-004,80.2,1,79
EXP-22951,Familiar,5,J-005,75.5,0,189
EXP-58317,Familiar,1,J-003,56.39,0,83
EXP-71943,Penal,5,J-004,74.76,0,124
EXP-57393,Penal,3,J-002,73.2,0,124
EXP-62270,Penal,2,J-005,16.27,1,26
EXP-75002,Penal,5,J-004,31.43,0,140
EXP-53326,Laboral,4,J-005,67.67,0,116
EXP-52748,Penal,2,J-004,10.72,0,98
EXP-43583,Familiar,1,J-004,23.89,1,16
EXP-49100,Laboral,5,J-001,27.69,1,82
EXP-81221,Laboral,5,J-004,45.6,0,137
EXP-81160,Familiar,5,J-005,50.8,0,134
EXP-17497,Penal,4,J-004,34.77,0,102
EXP-33183,Penal,3,J-004,15.94,0,110
EXP-16943,Laboral,2,J-005,50.21,0,85
EXP-77393,Laboral,5,J-002,23.56,0,129
EXP-86944,Familiar,2,J-005,25.49,0,95
EXP-17181,Laboral,1,J-005,81.32,0,94
EXP-83823,Familiar,4,J-005,27.71,0,119
EXP-32441,Familiar,3,J-003,50.89,0,126
EXP-13832,Familiar,4,J-001,81.96,0,170
EXP-43533,Penal,2,J-005,41.4,1,26
EXP-53166,Laboral,1,J-003,59.75,0,92
EXP-35964,Penal,5,J-005,51.34,1,82
EXP-22914,Penal,1,J-001,68.99,0,85
EXP-68173,Familiar,5,J-001,51.69,0,154
EXP-45814,Familiar,5,J-004,63.24,1,87
EXP-66600,Laboral,5,J-003,86.64,0,169
EXP-92986,Laboral,3,J-005,10.95,0,115
EXP-64902,Penal,5,J-004,51.08,0,146
EXP-21747,Familiar,4,J-005,14.87,0,138
EXP-22403,Penal,3,J-003,56.47,1,45
EXP-93660,Penal,3,J-001,83.58,0,138
EXP-58311,Familiar,3,J-002,89.26,1,82
EXP-15129,Penal,3,J-004,39.39,0,108
EXP-82512,Laboral,1,J-003,66.98,0,78
EXP-92451,Laboral,5,J-003,14.19,0,130
EXP-31709,Laboral,3,J-005,46.69,0,111
EXP-71814,Penal,5,J-004,83.13,0,193
EXP-53140,Laboral,2,J-004,38.31,0,101
EXP-62692,Familiar,4,J-005,50.23,0,111
EXP-41238,Familiar,4,J-005,66.15,0,150
EXP-45403,Penal,1,J-004,10.45,0,87
EXP-94920,Laboral,5,J-004,57.88,0,152
EXP-13523,Penal,2,J-004,59.38,0,98
EXP-76835,Familiar,3,J-002,61.71,1,41
EXP-43759,Laboral,5,J-002,56.92,0,134
EXP-27970,Familiar,4,J-005,80.22,0,147
EXP-88925,Familiar,5,J-004,78.15,1,102
EXP-34792,Familiar,2,J-005,38.85,0,90
EXP-95205,Laboral,2,J-001,77.28,1,43
EXP-14000,Penal,3,J-001,52.35,0,126
EXP-10158,Penal,5,J-001,82.47,0,148
EXP-56619,Laboral,5,J-003,43.52,0,150
EXP-47553,Familiar,3,J-003,19.16,0,98
EXP-73294,Penal,2,J-005,61.58,1,29
EXP-91377,Familiar,4,J-002,67.22,1,65
EXP-46490,Laboral,2,J-003,38.53,0,107
EXP-71695,Laboral,2,J-003,69.2,0,109
EXP-65183,Familiar,1,J-003,44.93,0,66
EXP-93124,Familiar,4,J-001,28.36,0,117
EXP-58741,Laboral,3,J-003,55.93,0,101
EXP-89005,Familiar,5,J-001,36.46,0,151
EXP-89116,Penal,1,J-005,60.14,1,15
EXP-20357,Penal,4,J-001,82.64,0,147
EXP-81698,Familiar,2,J-001,65.55,0,76
EXP-93390,Familiar,4,J-003,25.71,0,119
EXP-39155,Familiar,2,J-004,15.94,1,36
EXP-40911,Familiar,1,J-001,36.15,0,83
EXP-67668,Penal,1,J-003,40.77,1,15
EXP-33268,Familiar,1,J-004,81.86,1,50
EXP-72925,Laboral,3,J-001,41.25,1,33
EXP-20830,Laboral,4,J-001,48.4,1,57
EXP-57085,Laboral,1,J-001,33.44,1,31
EXP-82095,Familiar,4,J-003,38.25,0,137
EXP-57413,Laboral,4,J-001,42.85,1,66
EXP-14515,Penal,5,J-004,75.96,0,188
EXP-36726,Penal,1,J-005,89.51,1,52
EXP-54107,Penal,1,J-005,55.33,1,20
EXP-56066,Penal,4,J-003,69.59,1,70
EXP-26043,Laboral,2,J-001,36.75,1,25
EXP-48093,Laboral,2,J-004,78.14,0,136
EXP-88213,Laboral,5,J-004,55.97,0,135
EXP-14503,Laboral,4,J-002,16.51,0,135
EXP-91445,Laboral,3,J-005,31.49,0,115
EXP-95315,Penal,3,J-001,83.93,0,147
EXP-49445,Familiar,5,J-004,94.04,1,102
EXP-58287,Penal,1,J-005,92.39,1,48
EXP-82514,Familiar,1,J-005,58.22,0,62
EXP-14774,Laboral,2,J-002,83.64,0,129
EXP-84646,Laboral,3,J-003,36.16,0,107
EXP-77848,Laboral,5,J-004,79.66,0,195
EXP-12536,Penal,2,J-003,28.51,1,45
EXP-32294,Familiar,5,J-002,84.45,1,105
EXP-94570,Penal,4,J-004,70.84,0,120
EXP-16446,Familiar,1,J-005,43.76,0,89
EXP-69758,Laboral,4,J-001,93.52,1,109
EXP-85988,Penal,5,J-005,88.78,1,110
EXP-82458,Familiar,2,J-001,54.16,0,77
EXP-57797,Familiar,4,J-001,68.89,0,137
EXP-22344,Familiar,4,J-002,50.6,1,63
EXP-93692,Familiar,2,J-002,92.81,1,63
EXP-77557,Penal,2,J-005,64.48,1,38
EXP-78108,Familiar,1,J-001,50.22,0,71
EXP-21805,Laboral,2,J-003,84.47,0,116
EXP-52404,Laboral,5,J-003,93.58,0,168
EXP-91346,Familiar,1,J-005,93.67,0,124
EXP-64472,Familiar,5,J-002,33.01,1,79
EXP-90606,Familiar,4,J-005,39.84,0,103
EXP-34264,Laboral,5,J-003,54.75,0,145
EXP-49401,Laboral,2,J-002,46.97,0,85
EXP-26120,Penal,3,J-003,20.63,1,42
EXP-88845,Laboral,1,J-002,40.48,0,102
EXP-71116,Laboral,5,J-004,17.51,0,121
EXP-37613,Familiar,2,J-004,66.47,1,36
EXP-44981,Penal,3,J-005,44.44,1,49
EXP-42098,Familiar,1,J-001,53.36,0,70
EXP-99516,Laboral,4,J-001,88.86,1,80
EXP-73907,Laboral,1,J-003,61.63,0,85
EXP-84437,Familiar,1,J-004,10.2,1,9
EXP-75330,Laboral,4,J-003,44.73,0,117
EXP-77873,Laboral,5,J-004,71.77,0,158
EXP-94991,Laboral,1,J-005,43.65,0,74
EXP-89710,Familiar,1,J-005,73.88,0,59
EXP-62645,Familiar,3,J-005,64.82,0,125
EXP-67471,Penal,4,J-001,76.61,0,147
EXP-27493,Laboral,1,J-001,47.19,1,6
EXP-44472,Laboral,2,J-003,59.83,0,101
EXP-56841,Laboral,4,J-003,74.27,0,115
EXP-88317,Penal,4,J-005,25.4,1,56
EXP-61442,Laboral,2,J-001,82.37,1,59
EXP-69531,Penal,3,J-004,25.0,0,110
EXP-67270,Familiar,5,J-004,68.61,1,89
EXP-68086,Penal,3,J-002,94.51,0,157
EXP-78028,Laboral,4,J-005,21.52,0,119
EXP-95125,Laboral,2,J-001,58.68,1,31
EXP-16318,Laboral,3,J-002,25.51,0,105
EXP-93406,Laboral,4,J-003,10.47,0,127
EXP-85882,Penal,2,J-004,67.98,0,89
EXP-12932,Penal,4,J-004,55.57,0,112
EXP-64730,Penal,1,J-004,66.04,0,86
EXP-89026,Penal,4,J-001,32.16,0,120
EXP-33979,Penal,1,J-004,41.05,0,89
EXP-93569,Familiar,2,J-003,20.01,0,103
EXP-40868,Laboral,3,J-003,44.32,0,98
EXP-52612,Laboral,5,J-004,51.88,0,146
EXP-42500,Familiar,1,J-001,56.48,0,88
EXP-55475,Laboral,3,J-004,50.49,0,112
EXP-95308,Laboral,4,J-005,79.92,0,159
EXP-94639,Familiar,1,J-005,75.11,0,87
EXP-64316,Familiar,1,J-005,17.18,0,99
EXP-21716,Laboral,3,J-003,30.09,0,115
EXP-80616,Familiar,3,J-002,68.46,1,55
EXP-48047,Penal,3,J-004,26.63,0,117
EXP-85062,Laboral,2,J-005,47.81,0,102
EXP-31478,Laboral,3,J-005,62.63,0,123
EXP-44585,Penal,2,J-004,52.83,0,80
EXP-99589,Laboral,4,J-003,23.68,0,130
EXP-69321,Penal,5,J-005,48.65,1,64
EXP-95002,Laboral,5,J-004,31.73,0,150
EXP-62800,Laboral,5,J-004,47.27,0,132
EXP-63259,Familiar,1,J-004,13.28,1,21
EXP-43324,Laboral,4,J-001,31.51,1,67
EXP-13262,Laboral,4,J-002,71.06,0,107
EXP-42809,Penal,2,J-001,72.71,0,99
EXP-98987,Penal,2,J-001,88.66,0,147
EXP-42890,Familiar,2,J-003,24.96,0,108
EXP-86515,Familiar,5,J-004,12.01,1,66
EXP-86649,Familiar,3,J-001,29.56,0,109
EXP-86564,Familiar,2,J-001,15.71,0,82
EXP-56684,Laboral,4,J-005,72.21,0,139
EXP-60689,Laboral,4,J-004,63.77,0,136
EXP-99450,Familiar,2,J-004,54.7,1,38
EXP-76919,Familiar,4,J-002,31.82,1,58
EXP-99092,Familiar,2,J-005,31.33,0,103
EXP-57905,Laboral,3,J-004,26.8,0,119
EXP-51687,Familiar,4,J-004,64.52,1,69
EXP-55296,Penal,2,J-001,43.28,0,91
EXP-40910,Penal,5,J-005,92.54,1,118
EXP-51548,Penal,3,J-001,61.81,0,119
EXP-93847,Laboral,2,J-005,65.19,0,83
EXP-33247,Familiar,4,J-001,20.13,0,127
EXP-46493,Familiar,2,J-004,85.61,1,58
EXP-48693,Laboral,3,J-003,50.5,0,103
EXP-85307,Penal,2,J-004,77.22,0,98
EXP-70970,Penal,1,J-004,89.06,0,94
EXP-78397,Penal,2,J-004,88.45,0,122
EXP-50784,Laboral,1,J-002,58.26,0,99
EXP-92210,Familiar,3,J-004,26.06,1,49
EXP-86798,Laboral,3,J-003,16.29,0,95
EXP-17919,Laboral,4,J-005,74.87,0,131
EXP-86697,Penal,5,J-001,67.62,0,135
EXP-32821,Familiar,5,J-001,36.55,0,121
EXP-30626,Penal,2,J-001,75.54,0,142
EXP-90530,Laboral,4,J-002,29.04,0,143
EXP-17728,Penal,3,J-002,86.05,0,158
EXP-42286,Penal,5,J-003,94.11,1,120
EXP-95102,Familiar,3,J-001,93.31,0,157
EXP-77717,Penal,5,J-004,68.47,0,142
EXP-96910,Laboral,3,J-005,52.93,0,105
EXP-94803,Laboral,5,J-001,11.84,1,83
EXP-44484,Familiar,3,J-002,29.45,1,41
EXP-21602,Familiar,2,J-004,34.26,1,30
EXP-29995,Laboral,3,J-001,28.18,1,60
EXP-32199,Laboral,1,J-001,15.29,1,22
EXP-96496,Familiar,3,J-001,56.35,0,110
EXP-84615,Laboral,5,J-005,77.83,0,148
EXP-78913,Laboral,1,J-002,78.91,0,100
EXP-54744,Penal,5,J-002,76.36,0,165
EXP-89303,Familiar,5,J-002,57.48,1,86
EXP-13164,Familiar,3,J-001,70.78,0,109
EXP-38838,Penal,1,J-004,76.08,0,116
EXP-76866,Laboral,3,J-001,54.89,1,55
EXP-85352,Familiar,1,J-001,77.64,0,121
EXP-12196,Penal,5,J-003,21.35,1,81
EXP-95881,Laboral,5,J-001,71.96,1,73
EXP-69717,Penal,4,J-004,66.74,0,146
EXP-20481,Laboral,1,J-002,78.23,0,111
EXP-29794,Laboral,2,J-001,34.15,1,29
EXP-28215,Penal,3,J-005,18.32,1,61
EXP-58160,Penal,4,J-005,88.67,1,98
EXP-83228,Laboral,5,J-001,27.99,1,88
EXP-19488,Penal,2,J-003,66.69,1,29
EXP-82576,Penal,5,J-001,31.28,0,131
EXP-83239,Laboral,5,J-003,57.62,0,138
EXP-75151,Laboral,3,J-003,24.65,0,105
EXP-18439,Penal,1,J-002,19.21,0,70
EXP-95623,Laboral,3,J-002,81.16,0,131
EXP-45052,Laboral,3,J-002,27.75,0,118
EXP-64148,Laboral,3,J-005,19.8,0,109
EXP-37899,Laboral,3,J-003,57.81,0,98
EXP-13583,Familiar,1,J-002,91.36,1,46
EXP-32449,Laboral,5,J-005,71.61,0,131
EXP-53139,Penal,2,J-005,93.29,1,76
EXP-61182,Penal,3,J-002,12.55,0,121
EXP-84535,Laboral,5,J-001,30.97,1,77
EXP-63184,Familiar,2,J-001,23.3,0,90
EXP-96218,Penal,1,J-003,55.9,1,13
EXP-48420,Penal,2,J-002,12.22,0,100
EXP-49297,Familiar,3,J-003,57.63,0,125
EXP-54911,Familiar,3,J-002,12.1,1,42
EXP-22109,Penal,4,J-005,44.56,1,50
EXP-10279,Familiar,5,J-001,62.54,0,141
EXP-42277,Familiar,3,J-005,27.51,0,101
EXP-95596,Penal,5,J-004,70.73,0,158
EXP-67087,Laboral,1,J-001,78.03,1,60
EXP-76526,Familiar,4,J-005,76.98,0,144
EXP-56689,Laboral,4,J-005,35.6,0,118
EXP-20794,Penal,2,J-002,18.45,0,99
EXP-87741,Laboral,1,J-001,53.93,1,12
EXP-69844,Laboral,4,J-004,49.44,0,130
EXP-43632,Laboral,3,J-003,76.75,0,134
EXP-74973,Laboral,3,J-004,34.1,0,116
EXP-44098,Penal,4,J-002,15.76,0,126
EXP-71318,Laboral,5,J-001,80.18,1,115
EXP-95501,Familiar,5,J-005,68.93,0,140
EXP-30308,Penal,4,J-002,34.81,0,125
EXP-89579,Penal,5,J-005,85.92,1,118
EXP-98289,Laboral,5,J-003,32.72,0,126
EXP-87798,Laboral,3,J-004,25.83,0,123
EXP-63816,Penal,5,J-003,87.71,1,113
EXP-49082,Laboral,1,J-005,40.9,0,80
EXP-60326,Laboral,5,J-004,84.57,0,178
EXP-85486,Familiar,3,J-005,24.19,0,122
EXP-50381,Penal,4,J-005,17.15,1,61
EXP-74574,Penal,4,J-002,49.59,0,131
EXP-36411,Penal,5,J-004,80.05,0,154
EXP-72378,Laboral,2,J-001,66.96,1,40
EXP-52912,Familiar,1,J-001,86.15,0,111
EXP-97629,Familiar,2,J-001,34.62,0,109
EXP-88229,Laboral,4,J-001,11.56,1,62
EXP-68602,Familiar,1,J-001,47.21,0,72
EXP-13268,Laboral,2,J-003,84.53,0,123
EXP-59418,Penal,2,J-004,87.45,0,124
EXP-65450,Familiar,2,J-001,37.48,0,80
EXP-73086,Familiar,3,J-001,44.8,0,103
EXP-78163,Laboral,4,J-001,18.29,1,65
EXP-28458,Penal,3,J-001,12.48,0,109
EXP-72592,Laboral,2,J-004,92.38,0,123
EXP-27945,Laboral,2,J-003,80.71,0,117
EXP-31035,Penal,5,J-003,45.45,1,86
EXP-61320,Laboral,1,J-002,57.79,0,77
EXP-49095,Laboral,1,J-001,13.35,1,31
EXP-74734,Penal,1,J-004,48.65,0,83
EXP-93520,Laboral,1,J-001,40.71,1,22
EXP-45690,Penal,4,J-001,52.86,0,125
EXP-84915,Familiar,2,J-004,53.51,1,45
EXP-93194,Familiar,4,J-004,16.79,1,58
EXP-18123,Familiar,5,J-005,61.23,0,133
EXP-83749,Penal,2,J-005,50.64,1,32
EXP-44696,Familiar,2,J-001,32.45,0,94
EXP-41839,Laboral,3,J-005,33.45,0,121
EXP-31123,Familiar,1,J-003,37.23,0,94
EXP-79354,Penal,3,J-003,55.5,1,62
EXP-28471,Laboral,4,J-001,33.75,1,70
EXP-46953,Penal,1,J-001,94.19,0,134
EXP-46830,Laboral,1,J-004,18.79,0,66
EXP-52676,Laboral,5,J-005,84.34,0,164
EXP-10660,Penal,5,J-005,53.71,1,64
EXP-61745,Laboral,4,J-002,36.36,0,131
EXP-61207,Familiar,5,J-001,47.69,0,148
EXP-22541,Familiar,4,J-002,94.16,1,90
EXP-49189,Familiar,4,J-002,50.95,1,57
EXP-84305,Familiar,4,J-004,65.11,1,48
EXP-66264,Laboral,1,J-002,43.71,0,63
EXP-11052,Familiar,2,J-003,22.02,0,90
EXP-62911,Familiar,4,J-003,61.24,0,132
EXP-76743,Penal,5,J-002,30.79,0,147
EXP-16325,Familiar,1,J-002,64.29,1,28
EXP-55479,Laboral,5,J-005,36.13,0,149
EXP-93069,Penal,5,J-002,94.35,0,177
EXP-37873,Penal,4,J-003,40.92,1,52
EXP-95546,Penal,3,J-001,72.67,0,120
EXP-28708,Familiar,5,J-002,11.69,1,81
EXP-59489,Penal,5,J-005,20.58,1,81
EXP-51169,Familiar,3,J-004,29.12,1,35
EXP-92736,Laboral,2,J-004,65.96,0,95
EXP-99818,Penal,4,J-001,38.68,0,142
EXP-79489,Laboral,3,J-005,90.15,0,155
EXP-11488,Laboral,3,J-001,27.35,1,38
EXP-30712,Laboral,3,J-004,62.59,0,100
EXP-58268,Familiar,4,J-005,71.0,0,122
EXP-40706,Familiar,3,J-004,30.95,1,62
EXP-69475,Familiar,5,J-001,24.36,0,153
EXP-12960,Laboral,4,J-001,40.89,1,75
EXP-57837,Laboral,4,J-004,77.3,0,145
EXP-16078,Penal,2,J-003,31.99,1,29
EXP-17193,Laboral,3,J-002,14.4,0,92
EXP-82569,Laboral,1,J-003,11.57,0,89
EXP-10824,Familiar,3,J-004,38.92,1,54
EXP-23893,Familiar,3,J-005,56.22,0,104
EXP-90942,Familiar,1,J-002,18.21,1,33
EXP-91284,Laboral,1,J-004,42.31,0,87
EXP-13168,Penal,2,J-002,14.97,0,97
EXP-87440,Familiar,5,J-005,61.18,0,129
EXP-44644,Laboral,2,J-001,94.24,1,63
EXP-81999,Familiar,3,J-005,52.0,0,116
EXP-50492,Laboral,3,J-004,34.52,0,122
EXP-31097,Laboral,4,J-002,20.2,0,116
EXP-49092,Familiar,3,J-003,90.19,0,157
EXP-77294,Laboral,4,J-005,12.2,0,120
EXP-93928,Laboral,3,J-003,37.23,0,88
EXP-97262,Penal,1,J-002,67.99,0,96
EXP-84538,Penal,2,J-001,63.74,0,109
EXP-72095,Familiar,4,J-004,55.6,1,61
EXP-48038,Familiar,5,J-002,58.86,1,89
EXP-19205,Familiar,4,J-003,77.29,0,161
EXP-22183,Familiar,1,J-002,15.48,1,26
EXP-22654,Laboral,5,J-004,14.51,0,134
EXP-42744,Familiar,3,J-002,21.94,1,44
EXP-34440,Familiar,4,J-001,93.78,0,168
EXP-39914,Familiar,5,J-001,12.21,0,131
EXP-22540,Laboral,5,J-001,13.96,1,70
EXP-10943,Familiar,2,J-001,22.92,0,96
EXP-11959,Penal,5,J-001,85.09,0,166
EXP-41277,Penal,4,J-002,80.48,0,156
EXP-21228,Familiar,4,J-002,14.4,1,60
EXP-46340,Laboral,1,J-001,83.07,1,50
EXP-16872,Penal,2,J-001,32.86,0,103
EXP-15520,Familiar,3,J-004,34.82,1,46
EXP-18122,Penal,5,J-004,20.23,0,132
EXP-68383,Familiar,1,J-001,38.99,0,97
EXP-39078,Laboral,5,J-002,93.26,0,170
EXP-61074,Laboral,3,J-004,42.31,0,115
EXP-28030,Laboral,1,J-003,59.5,0,68
EXP-98094,Penal,2,J-003,89.09,1,53
EXP-56526,Laboral,5,J-002,60.45,0,118
EXP-24508,Familiar,3,J-003,11.51,0,108
EXP-94685,Penal,3,J-004,41.15,0,99
EXP-90476,Penal,1,J-002,32.67,0,90
EXP-36200,Laboral,3,J-004,42.51,0,120
EXP-55025,Laboral,4,J-002,94.02,0,146
EXP-22746,Penal,4,J-001,29.18,0,130
EXP-97329,Laboral,1,J-003,80.11,0,95
EXP-82485,Penal,4,J-003,56.1,1,69
EXP-10838,Laboral,5,J-001,11.91,1,80
EXP-25623,Penal,4,J-002,66.3,0,132
EXP-97176,Laboral,3,J-001,35.78,1,38
EXP-96975,Laboral,2,J-004,59.58,0,82
EXP-87283,Familiar,1,J-003,33.38,0,93
EXP-73493,Penal,3,J-005,84.4,1,70
EXP-57348,Familiar,3,J-004,80.04,1,69
EXP-47522,Laboral,3,J-003,86.31,0,151
EXP-18349,Penal,1,J-004,38.51,0,97
EXP-36379,Familiar,4,J-003,77.78,0,162
EXP-85085,Laboral,5,J-003,66.76,0,137
EXP-48603,Familiar,4,J-005,80.27,0,134
EXP-96126,Laboral,5,J-004,20.41,0,147
EXP-94160,Familiar,4,J-005,29.11,0,128
EXP-17818,Familiar,1,J-003,49.37,0,69
EXP-40485,Familiar,1,J-004,50.09,1,23
EXP-79636,Familiar,4,J-005,43.79,0,118
EXP-20552,Familiar,4,J-005,92.3,0,176
EXP-86584,Penal,5,J-004,31.84,0,139
EXP-19014,Penal,3,J-001,32.97,0,105
EXP-81303,Laboral,5,J-002,14.87,0,153
EXP-43335,Laboral,3,J-005,74.8,0,97
EXP-92122,Laboral,1,J-003,51.7,0,81
EXP-30153,Penal,3,J-005,40.64,1,38
EXP-76785,Familiar,1,J-001,25.55,0,92
EXP-98348,Laboral,4,J-004,65.23,0,107
EXP-56583,Penal,2,J-005,90.68,1,78
EXP-36655,Penal,5,J-004,58.89,0,150
EXP-60220,Familiar,4,J-001,85.98,0,174
EXP-76930,Familiar,2,J-003,66.43,0,98
EXP-66465,Laboral,3,J-003,44.06,0,132
EXP-19882,Penal,5,J-001,85.65,0,175
EXP-67555,Familiar,5,J-003,13.47,0,139
EXP-55763,Penal,3,J-005,70.05,1,52
EXP-58125,Penal,2,J-005,80.02,1,86
EXP-11396,Familiar,2,J-002,91.66,1,70
EXP-80949,Laboral,2,J-002,71.06,0,84
EXP-38452,Laboral,2,J-002,22.66,0,115
EXP-44335,Familiar,4,J-005,87.02,0,157
EXP-98100,Laboral,5,J-003,10.11,0,138
EXP-19545,Penal,2,J-005,39.07,1,23
EXP-35993,Familiar,4,J-002,17.23,1,57
EXP-13289,Laboral,5,J-005,17.5,0,141
EXP-99447,Laboral,3,J-003,81.18,0,148
EXP-86775,Laboral,4,J-001,37.45,1,73
EXP-48436,Laboral,2,J-003,17.5,0,105
EXP-79295,Penal,2,J-001,57.87,0,102
EXP-21469,Penal,1,J-003,35.88,1,29
EXP-32120,Laboral,1,J-004,24.61,0,93
EXP-68102,Laboral,4,J-002,90.62,0,168
EXP-71843,Laboral,1,J-002,50.41,0,95
EXP-88137,Penal,2,J-005,86.08,1,82
EXP-72156,Laboral,4,J-003,51.58,0,116
EXP-26208,Laboral,5,J-005,69.68,0,144
EXP-88406,Laboral,1,J-003,40.28,0,85
EXP-67408,Familiar,3,J-001,54.33,0,105
EXP-40285,Familiar,1,J-003,52.71,0,81
EXP-39661,Laboral,5,J-001,88.88,1,110
EXP-27468,Penal,5,J-005,69.15,1,68
EXP-57953,Familiar,3,J-002,33.88,1,53
EXP-27859,Familiar,1,J-003,84.66,0,114
EXP-25297,Familiar,2,J-002,79.82,1,72
EXP-23359,Penal,4,J-004,48.0,0,126
EXP-76969,Familiar,4,J-005,38.78,0,125
EXP-33309,Penal,3,J-001,66.54,0,107
EXP-88664,Penal,1,J-002,64.27,0,97
EXP-25843,Penal,5,J-002,29.06,0,141
EXP-66018,Familiar,1,J-002,52.7,1,30
EXP-92682,Penal,1,J-001,68.94,0,89
EXP-22851,Penal,2,J-001,38.74,0,111
EXP-22085,Familiar,2,J-002,85.44,1,60
EXP-55456,Penal,2,J-003,82.62,1,60
EXP-48042,Laboral,5,J-001,66.57,1,82
EXP-42858,Penal,5,J-002,76.93,0,182
EXP-77884,Laboral,1,J-003,17.65,0,77
EXP-58344,Laboral,3,J-002,47.04,0,113
EXP-39306,Penal,3,J-003,88.32,1,89
EXP-89021,Penal,4,J-004,18.29,0,106
EXP-72667,Penal,2,J-003,48.08,1,28
EXP-59574,Laboral,5,J-003,90.88,0,167
EXP-65443,Laboral,3,J-004,62.86,0,117
EXP-20890,Familiar,1,J-004,60.1,1,13
EXP-38415,Familiar,5,J-003,76.43,0,172
EXP-11033,Penal,3,J-002,49.72,0,114
EXP-20679,Penal,1,J-004,47.17,0,103
EXP-66564,Familiar,3,J-002,18.94,1,56
EXP-89695,Penal,3,J-002,94.38,0,125
EXP-45249,Laboral,2,J-005,13.03,0,102
EXP-14150,Laboral,3,J-003,66.9,0,128
EXP-85497,Laboral,3,J-005,86.71,0,134
EXP-98201,Familiar,4,J-002,58.11,1,76
EXP-26862,Familiar,4,J-005,28.23,0,108
EXP-34720,Penal,2,J-004,80.52,0,147
EXP-94710,Penal,1,J-005,66.39,1,21
EXP-14125,Penal,1,J-004,91.42,0,118
EXP-44366,Laboral,3,J-003,57.73,0,108
EXP-11609,Laboral,1,J-001,77.23,1,25
EXP-11555,Laboral,2,J-001,94.92,1,70
EXP-51893,Laboral,3,J-002,44.28,0,103
EXP-83510,Familiar,4,J-005,90.76,0,160
EXP-34855,Laboral,4,J-001,43.05,1,60
EXP-68558,Laboral,1,J-001,91.62,1,30
EXP-18763,Penal,1,J-002,61.43,0,86
EXP-19249,Familiar,2,J-005,38.39,0,91
EXP-14990,Penal,4,J-003,38.78,1,65
EXP-92668,Familiar,5,J-001,21.65,0,143
EXP-25120,Penal,4,J-004,10.57,0,136
EXP-73049,Laboral,4,J-001,64.23,1,60
EXP-33303,Familiar,5,J-002,11.11,1,69
EXP-59946,Penal,2,J-002,60.56,0,90
EXP-27915,Familiar,5,J-002,28.03,1,78
EXP-25384,Laboral,4,J-001,90.13,1,86
EXP-41805,Penal,2,J-001,35.79,0,97
EXP-30274,Laboral,3,J-005,69.23,0,122
EXP-60106,Penal,5,J-004,31.99,0,153
EXP-61291,Penal,3,J-003,45.94,1,62
EXP-62116,Penal,4,J-001,44.82,0,128
EXP-72189,Familiar,1,J-003,75.14,0,114
EXP-34234,Laboral,1,J-004,44.28,0,69
EXP-44001,Penal,5,J-005,47.6,1,76
EXP-92238,Penal,3,J-002,46.79,0,105
EXP-61517,Laboral,1,J-005,20.56,0,96
EXP-43270,Familiar,1,J-004,81.74,1,44
EXP-77797,Penal,5,J-004,71.99,0,149
EXP-76317,Penal,1,J-005,43.64,1,17
EXP-98222,Penal,5,J-004,63.23,0,158
EXP-95058,Familiar,4,J-002,47.61,1,51
EXP-21400,Laboral,1,J-001,35.01,1,31
EXP-10465,Laboral,4,J-001,35.74,1,65
EXP-44878,Laboral,3,J-003,83.89,0,133
EXP-41475,Familiar,4,J-003,24.73,0,125
EXP-14970,Penal,1,J-005,23.3,1,24
EXP-92475,Laboral,4,J-003,52.28,0,126
EXP-73457,Penal,5,J-004,29.5,0,144
EXP-78865,Familiar,4,J-001,79.62,0,136
EXP-21188,Familiar,4,J-004,66.58,1,63
EXP-55159,Laboral,2,J-001,77.02,1,58
EXP-11490,Laboral,3,J-002,91.25,0,162
EXP-79686,Penal,2,J-003,93.56,1,63
EXP-67919,Laboral,3,J-005,91.88,0,139
EXP-40858,Familiar,3,J-002,78.96,1,86
EXP-43539,Laboral,3,J-002,33.99,0,106
EXP-13461,Penal,2,J-005,48.79,1,38
EXP-40975,Penal,4,J-005,24.61,1,70
EXP-40492,Laboral,3,J-004,76.58,0,142
EXP-80875,Familiar,1,J-004,20.56,1,9
EXP-18667,Penal,1,J-003,84.09,1,39
EXP-44009,Penal,4,J-002,57.12,0,122
EXP-99039,Laboral,3,J-001,74.27,1,48
EXP-30097,Penal,1,J-002,17.51,0,75
EXP-66351,Laboral,5,J-001,82.11,1,121
EXP-25141,Familiar,2,J-005,49.44,0,103
EXP-86312,Laboral,2,J-003,42.33,0,81
EXP-49223,Penal,5,J-004,48.63,0,149
EXP-89255,Penal,1,J-004,53.5,0,64
EXP-49625,Familiar,2,J-005,61.6,0,80
EXP-51982,Laboral,4,J-004,22.35,0,123
EXP-10831,Familiar,2,J-005,16.7,0,95
EXP-77044,Familiar,1,J-004,18.3,1,19
EXP-55742,Laboral,5,J-002,79.39,0,163
EXP-50779,Familiar,5,J-002,43.73,1,74
EXP-20982,Laboral,3,J-002,69.44,0,108
EXP-39033,Laboral,4,J-003,45.4,0,124
EXP-27374,Familiar,1,J-001,26.8,0,79
EXP-80411,Laboral,4,J-002,86.97,0,183
EXP-19711,Penal,2,J-003,45.26,1,37
EXP-98759,Laboral,3,J-003,67.61,0,121
EXP-68004,Penal,1,J-002,65.68,0,79
EXP-78489,Familiar,1,J-002,19.41,1,14
EXP-35686,Familiar,1,J-004,94.35,1,67
EXP-87793,Familiar,2,J-001,51.56,0,113
EXP-90315,Laboral,3,J-002,58.8,0,105
EXP-55797,Familiar,2,J-002,22.22,1,37
EXP-97775,Penal,1,J-001,78.5,0,131
EXP-50822,Familiar,5,J-005,34.53,0,143
EXP-83171,Laboral,5,J-003,58.85,0,136
EXP-84257,Familiar,3,J-001,13.55,0,116
EXP-93716,Familiar,1,J-004,49.51,1,22
EXP-49517,Penal,4,J-001,83.27,0,161
EXP-38774,Penal,3,J-004,55.82,0,123
EXP-75489,Laboral,4,J-003,68.52,0,113
EXP-40987,Laboral,2,J-001,56.0,1,34
EXP-51845,Penal,5,J-005,64.79,1,69
EXP-18949,Penal,4,J-002,87.68,0,191
EXP-41640,Penal,2,J-003,92.82,1,65
EXP-35356,Familiar,2,J-001,18.48,0,90
EXP-35814,Penal,5,J-001,57.97,0,163
EXP-44892,Penal,2,J-002,59.65,0,93
EXP-92405,Penal,5,J-002,84.99,0,178
EXP-30905,Laboral,5,J-004,73.49,0,127
EXP-12926,Penal,5,J-005,51.85,1,78
EXP-97318,Familiar,2,J-002,11.67,1,44
EXP-99854,Familiar,3,J-005,34.33,0,119
EXP-45683,Laboral,4,J-005,54.98,0,120
EXP-90017,Familiar,5,J-002,19.74,1,80
EXP-27569,Familiar,1,J-004,38.17,1,16
EXP-41094,Laboral,1,J-001,71.73,1,29
EXP-93698,Familiar,3,J-005,52.4,0,98
EXP-65510,Penal,2,J-005,76.0,1,61
EXP-35339,Familiar,1,J-004,81.63,1,61
EXP-80441,Laboral,4,J-001,44.96,1,78
EXP-50742,Familiar,4,J-001,85.49,0,129
EXP-94490,Familiar,5,J-005,57.48,0,138
EXP-47398,Penal,4,J-002,54.37,0,134
EXP-52530,Laboral,3,J-001,29.42,1,43
EXP-25023,Laboral,1,J-005,42.57,0,87
EXP-12551,Familiar,3,J-002,10.42,1,53
EXP-70594,Penal,2,J-001,85.69,0,151
EXP-11197,Familiar,5,J-002,51.41,1,66
EXP-34625,Laboral,1,J-001,21.98,1,8
EXP-18311,Laboral,3,J-004,83.83,0,145
EXP-57982,Familiar,3,J-003,75.97,0,138
EXP-95202,Familiar,2,J-003,67.12,0,97
EXP-96531,Laboral,2,J-003,39.23,0,100
EXP-10142,Penal,4,J-003,70.93,1,68
EXP-59746,Penal,5,J-003,19.22,1,73
EXP-80482,Familiar,2,J-005,25.99,0,107
EXP-74829,Familiar,5,J-003,62.25,0,142
EXP-48701,Penal,3,J-005,12.55,1,47
EXP-39156,Penal,1,J-002,76.06,0,106
EXP-12305,Penal,5,J-004,81.76,0,202
EXP-88710,Penal,1,J-003,62.28,1,21
EXP-69835,Laboral,2,J-001,73.79,1,42
EXP-20227,Penal,1,J-001,70.28,0,89
EXP-92341,Penal,1,J-001,20.78,0,89
EXP-56030,Penal,4,J-001,76.96,0,179
EXP-69796,Familiar,4,J-004,87.53,1,83
EXP-62265,Laboral,4,J-004,19.77,0,126
EXP-54077,Penal,3,J-003,30.32,1,33
EXP-93154,Penal,5,J-003,39.04,1,94
EXP-53796,Laboral,3,J-004,45.95,0,131
EXP-57113,Laboral,5,J-001,10.01,1,85
EXP-28859,Familiar,1,J-002,10.18,1,5
EXP-43951,Laboral,5,J-001,40.17,1,75
EXP-48698,Familiar,3,J-005,30.18,0,95
EXP-50627,Familiar,4,J-004,56.83,1,75
EXP-89936,Laboral,3,J-004,76.99,0,126
EXP-51125,Laboral,5,J-005,41.95,0,135
EXP-10416,Penal,1,J-002,31.94,0,77
EXP-50756,Penal,3,J-002,31.16,0,110
EXP-76315,Familiar,2,J-002,84.59,1,69
EXP-43564,Penal,2,J-003,71.97,1,40
EXP-89620,Laboral,1,J-003,25.69,0,75
EXP-50545,Penal,1,J-002,14.7,0,65
EXP-40468,Laboral,4,J-004,63.72,0,129
EXP-61763,Familiar,1,J-005,13.15,0,76
EXP-31720,Familiar,1,J-002,75.21,1,45
EXP-33790,Laboral,4,J-003,79.38,0,165
EXP-95800,Familiar,3,J-002,80.46,1,65
EXP-20189,Penal,1,J-002,64.54,0,83
EXP-13862,Penal,2,J-004,88.59,0,128
EXP-81027,Laboral,4,J-005,89.0,0,132
EXP-55382,Familiar,4,J-004,12.63,1,59
EXP-33776,Familiar,2,J-003,40.9,0,102
EXP-78012,Laboral,2,J-001,69.35,1,30
EXP-75533,Laboral,1,J-001,83.18,1,50
EXP-34494,Laboral,5,J-001,75.1,1,98
EXP-85562,Penal,5,J-002,74.1,0,148
EXP-22204,Penal,2,J-001,88.28,0,135
EXP-84934,Familiar,2,J-005,67.04,0,84
EXP-69209,Laboral,5,J-001,92.26,1,131
EXP-97798,Penal,4,J-004,85.81,0,129
EXP-46422,Laboral,4,J-004,35.27,0,135
EXP-65002,Laboral,3,J-003,81.52,0,121
EXP-10315,Familiar,1,J-001,36.68,0,78
EXP-31110,Laboral,3,J-004,36.18,0,113
EXP-18040,Laboral,2,J-004,61.65,0,96
EXP-48996,Laboral,1,J-005,51.12,0,65
EXP-41054,Laboral,1,J-004,42.61,0,78
EXP-51422,Penal,5,J-002,21.07,0,138
EXP-53909,Penal,2,J-004,90.38,0,136
EXP-99077,Penal,5,J-003,68.03,1,89
EXP-28563,Familiar,3,J-002,35.59,1,41
EXP-92717,Penal,5,J-004,71.15,0,128
EXP-23959,Penal,1,J-005,43.57,1,14
EXP-61834,Familiar,3,J-001,32.54,0,111
EXP-98954,Familiar,2,J-003,80.34,0,127
EXP-93649,Penal,5,J-004,66.61,0,137
EXP-48145,Laboral,1,J-003,77.47,0,128
EXP-64070,Familiar,2,J-003,16.04,0,84
EXP-62020,Familiar,2,J-003,27.14,0,80
EXP-20939,Familiar,3,J-003,15.43,0,100
EXP-73286,Laboral,2,J-005,44.01,0,85
EXP-70730,Familiar,2,J-001,82.43,0,120
EXP-18983,Penal,4,J-002,48.82,0,131
EXP-33784,Laboral,5,J-001,59.93,1,90
EXP-47821,Laboral,2,J-003,12.66,0,99
EXP-14394,Laboral,2,J-005,19.56,0,93
EXP-48683,Penal,4,J-002,74.56,0,133
EXP-56424,Laboral,1,J-004,61.72,0,94
EXP-44054,Laboral,4,J-005,18.72,0,112
EXP-10524,Familiar,5,J-005,69.53,0,152
EXP-41902,Penal,5,J-002,45.54,0,126
EXP-58616,Laboral,2,J-004,85.41,0,142
EXP-43530,Laboral,5,J-002,37.0,0,132
EXP-46228,Laboral,1,J-005,73.17,0,86
EXP-27614,Penal,4,J-002,19.29,0,112
EXP-26542,Familiar,3,J-003,28.49,0,97
EXP-71609,Penal,5,J-003,69.57,1,66
EXP-75402,Penal,1,J-001,88.17,0,114
EXP-26385,Penal,5,J-003,59.55,1,74
EXP-46926,Laboral,3,J-001,57.36,1,48
EXP-29399,Penal,1,J-002,46.08,0,77
EXP-94827,Familiar,5,J-003,86.98,0,186
EXP-13366,Laboral,2,J-003,27.41,0,87
EXP-90486,Familiar,4,J-004,36.89,1,63
EXP-30701,Familiar,5,J-002,87.6,1,125
EXP-19889,Familiar,5,J-002,27.17,1,70
EXP-87608,Familiar,2,J-003,60.46,0,114
EXP-85434,Penal,2,J-004,45.82,0,93
EXP-39161,Laboral,1,J-001,71.24,1,28
EXP-23144,Penal,5,J-003,46.55,1,68
EXP-72218,Laboral,5,J-002,27.79,0,122
EXP-35730,Familiar,3,J-004,91.29,1,85
EXP-62822,Penal,3,J-004,76.89,0,157
EXP-22331,Penal,4,J-004,31.36,0,119
EXP-79709,Penal,5,J-003,60.59,1,87
EXP-39253,Penal,5,J-005,53.33,1,92
EXP-32671,Laboral,1,J-003,25.48,0,56
EXP-38705,Penal,1,J-003,13.86,1,23
EXP-87927,Familiar,4,J-004,33.85,1,69
EXP-63159,Penal,2,J-003,60.38,1,21
EXP-52233,Laboral,3,J-004,72.47,0,121
EXP-73208,Laboral,2,J-004,63.35,0,103
EXP-91381,Laboral,4,J-005,86.67,0,168
EXP-83878,Laboral,3,J-004,86.1,0,140
EXP-37307,Penal,3,J-001,16.08,0,120
EXP-52697,Laboral,5,J-005,51.47,0,127
EXP-20043,Familiar,3,J-001,12.77,0,90
EXP-60497,Laboral,2,J-001,61.49,1,17
EXP-40100,Familiar,3,J-002,35.6,1,33
EXP-48301,Familiar,4,J-003,10.87,0,116
EXP-90351,Familiar,1,J-001,17.36,0,81
EXP-36091,Laboral,3,J-001,40.02,1,51
EXP-14269,Familiar,4,J-001,58.02,0,109
EXP-92827,Familiar,4,J-005,19.72,0,142
EXP-73712,Penal,4,J-001,40.35,0,117
EXP-86927,Laboral,4,J-005,32.52,0,121
EXP-19186,Laboral,3,J-004,72.31,0,99
EXP-54370,Familiar,1,J-003,83.32,0,106
EXP-77464,Penal,2,J-001,64.19,0,103
EXP-51409,Laboral,3,J-004,50.46,0,121
EXP-63271,Laboral,4,J-004,25.17,0,130
EXP-69553,Laboral,3,J-002,19.91,0,115
EXP-94658,Penal,3,J-001,30.13,0,127
EXP-70134,Laboral,4,J-001,24.35,1,51
EXP-11774,Laboral,1,J-001,37.37,1,27
EXP-86437,Laboral,2,J-003,78.58,0,120
EXP-36757,Laboral,5,J-004,16.2,0,135
EXP-17874,Familiar,2,J-002,77.45,1,57
EXP-35112,Penal,1,J-005,75.49,1,67
EXP-67323,Familiar,4,J-003,14.45,0,139
EXP-51403,Familiar,3,J-003,44.52,0,101
EXP-25219,Penal,1,J-004,76.78,0,92
EXP-17579,Penal,1,J-002,93.01,0,141
EXP-97683,Familiar,3,J-004,58.9,1,52
EXP-79256,Penal,1,J-001,46.77,0,98
EXP-92506,Familiar,5,J-004,18.32,1,64
EXP-87495,Penal,1,J-004,81.28,0,110
EXP-62253,Familiar,3,J-002,66.48,1,39
EXP-13139,Laboral,3,J-004,61.8,0,122
EXP-71826,Familiar,4,J-005,89.41,0,174
EXP-92382,Familiar,2,J-002,29.95,1,37
EXP-19376,Familiar,4,J-003,63.78,0,121
EXP-75631,Familiar,2,J-003,74.63,0,102
EXP-75383,Penal,5,J-001,33.58,0,130
EXP-69341,Familiar,2,J-004,70.45,1,34
EXP-12050,Laboral,3,J-001,82.58,1,78
EXP-94185,Penal,4,J-004,73.32,0,131
EXP-40756,Familiar,4,J-005,20.38,0,110
EXP-45432,Laboral,5,J-005,70.36,0,147
EXP-30787,Familiar,1,J-001,70.4,0,97
EXP-44008,Familiar,1,J-003,24.83,0,81
EXP-88292,Familiar,5,J-003,65.98,0,144
EXP-70731,Familiar,1,J-002,85.13,1,51
EXP-36308,Laboral,3,J-005,73.93,0,123
EXP-41181,Familiar,1,J-001,79.79,0,106
EXP-81567,Familiar,2,J-002,86.05,1,50
EXP-73856,Familiar,2,J-003,70.71,0,71
EXP-95524,Familiar,2,J-003,42.21,0,77
EXP-79740,Penal,2,J-001,40.02,0,102
EXP-71261,Penal,3,J-003,80.59,1,86
EXP-40053,Laboral,2,J-004,15.92,0,99
EXP-75497,Penal,3,J-002,51.29,0,104
EXP-98834,Penal,2,J-003,27.25,1,27
EXP-76755,Penal,2,J-001,55.37,0,106
EXP-37186,Penal,3,J-004,67.19,0,106
EXP-21152,Laboral,4,J-003,11.35,0,142
EXP-88013,Laboral,2,J-001,39.77,1,29
EXP-50563,Penal,4,J-004,57.75,0,134
EXP-90574,Familiar,3,J-001,75.99,0,139
EXP-11689,Penal,4,J-002,68.15,0,120
EXP-23898,Laboral,3,J-003,86.36,0,150
EXP-84056,Penal,1,J-005,67.63,1,35
EXP-73710,Penal,4,J-001,26.8,0,127
EXP-54262,Familiar,1,J-001,80.67,0,123
EXP-54697,Penal,3,J-002,59.75,0,110
EXP-85205,Laboral,4,J-001,48.47,1,76
EXP-30965,Penal,5,J-003,16.56,1,90
EXP-94714,Laboral,5,J-005,76.29,0,194
EXP-54209,Laboral,3,J-001,89.32,1,71
EXP-86661,Penal,4,J-004,94.42,0,164
EXP-36198,Penal,2,J-002,51.57,0,107
EXP-15438,Familiar,1,J-005,15.61,0,71
EXP-38596,Penal,3,J-001,41.35,0,111
EXP-88590,Laboral,2,J-001,87.99,1,80
EXP-66184,Penal,3,J-005,73.6,1,62
EXP-46429,Familiar,5,J-005,41.77,0,145
EXP-85100,Penal,2,J-002,84.51,0,133
EXP-76386,Laboral,3,J-003,79.01,0,142
EXP-11712,Penal,5,J-004,14.25,0,152
EXP-88106,Familiar,3,J-005,71.93,0,106
EXP-94469,Laboral,5,J-002,93.86,0,186
EXP-84811,Penal,2,J-003,85.2,1,63
EXP-74154,Laboral,4,J-001,78.88,1,91
EXP-87804,Laboral,5,J-003,43.89,0,150
EXP-70289,Penal,5,J-004,53.74,0,139
EXP-50283,Familiar,3,J-005,81.07,0,131
EXP-82274,Familiar,4,J-004,64.76,1,48
EXP-89262,Laboral,4,J-003,81.46,0,145
EXP-40572,Familiar,1,J-002,35.48,1,16
EXP-19499,Laboral,2,J-004,82.74,0,133
EXP-74906,Laboral,1,J-003,86.82,0,136
EXP-84144,Penal,3,J-003,49.43,1,55
EXP-62373,Familiar,4,J-004,30.52,1,54
EXP-94448,Laboral,4,J-005,46.4,0,108
EXP-25559,Laboral,1,J-005,40.86,0,84
EXP-84719,Familiar,2,J-002,71.95,1,23
EXP-78785,Penal,3,J-005,89.43,1,74
EXP-81815,Laboral,5,J-002,18.5,0,152
EXP-69644,Familiar,3,J-001,56.34,0,104
EXP-52771,Laboral,3,J-004,30.84,0,119
EXP-46473,Familiar,3,J-005,22.09,0,98
EXP-59935,Penal,3,J-003,10.34,1,49
EXP-84176,Laboral,5,J-001,42.64,1,76
EXP-19002,Familiar,1,J-002,21.38,1,26
EXP-70931,Familiar,1,J-005,32.73,0,62
EXP-27745,Familiar,5,J-001,33.85,0,148
EXP-63244,Familiar,1,J-003,63.82,0,90
EXP-96043,Penal,1,J-002,62.24,0,73
EXP-55326,Familiar,1,J-005,42.66,0,84
EXP-21007,Familiar,2,J-005,60.47,0,111
EXP-12007,Laboral,2,J-002,73.47,0,91
EXP-44848,Familiar,2,J-002,73.48,1,25
EXP-83938,Penal,4,J-001,46.08,0,129
EXP-29167,Familiar,4,J-004,38.53,1,58
EXP-21553,Familiar,5,J-004,62.7,1,69
EXP-49819,Penal,5,J-001,37.19,0,147
EXP-13755,Familiar,1,J-001,37.84,0,73
EXP-88431,Familiar,2,J-003,51.06,0,91
EXP-84439,Penal,3,J-005,45.62,1,44
EXP-65035,Laboral,4,J-004,34.91,0,129
EXP-76888,Penal,3,J-003,35.28,1,49
EXP-70005,Familiar,4,J-005,25.23,0,132
EXP-68662,Penal,5,J-001,82.47,0,191
EXP-88144,Laboral,1,J-002,44.33,0,75
EXP-68821,Familiar,2,J-004,25.22,1,38
EXP-32925,Penal,5,J-005,74.53,1,80
EXP-60792,Familiar,2,J-002,31.38,1,33
EXP-19064,Penal,5,J-005,11.34,1,89
EXP-53653,Penal,4,J-004,79.14,0,138
EXP-43811,Laboral,1,J-003,49.56,0,69
EXP-77025,Laboral,1,J-003,85.99,0,132
EXP-44424,Laboral,5,J-003,46.73,0,133
EXP-70232,Penal,1,J-005,53.02,1,20
EXP-95385,Penal,5,J-004,62.37,0,136
EXP-58739,Familiar,3,J-003,75.57,0,146
EXP-96143,Familiar,5,J-003,17.99,0,127
EXP-25734,Familiar,2,J-001,74.77,0,108
EXP-29562,Laboral,4,J-003,44.85,0,134
EXP-44595,Familiar,1,J-001,62.69,0,82
EXP-67480,Laboral,2,J-002,90.78,0,136
EXP-52590,Familiar,3,J-005,83.48,0,153
EXP-24288,Penal,5,J-004,82.1,0,165
EXP-51356,Laboral,5,J-004,89.02,0,189
EXP-44002,Penal,2,J-001,17.3,0,106
EXP-75949,Laboral,4,J-004,90.51,0,186
EXP-47755,Laboral,5,J-002,27.54,0,137
EXP-93613,Penal,5,J-005,49.97,1,71
EXP-90873,Familiar,2,J-003,92.02,0,124
EXP-35262,Laboral,4,J-001,29.21,1,59
EXP-32182,Laboral,4,J-003,94.36,0,168
EXP-26600,Familiar,5,J-003,50.48,0,150
EXP-15454,Penal,1,J-004,80.55,0,108
EXP-45281,Penal,1,J-003,57.97,1,24
EXP-81130,Penal,3,J-003,24.24,1,52
EXP-50597,Laboral,1,J-005,45.6,0,78
EXP-22197,Laboral,2,J-004,30.0,0,90
EXP-39355,Penal,3,J-005,33.81,1,48
EXP-76616,Familiar,4,J-004,37.37,1,57
EXP-18750,Penal,3,J-001,14.34,0,115
EXP-56454,Laboral,4,J-004,55.62,0,119
EXP-78664,Familiar,5,J-002,85.38,1,106
EXP-70805,Laboral,1,J-004,21.8,0,87
EXP-58474,Familiar,1,J-001,45.37,0,86
EXP-94180,Laboral,1,J-005,52.75,0,70
EXP-61820,Familiar,4,J-001,62.19,0,106
EXP-41179,Familiar,2,J-001,30.88,0,93
EXP-60524,Penal,5,J-003,21.41,1,76
EXP-55812,Familiar,2,J-001,37.06,0,101
EXP-24108,Laboral,4,J-002,60.16,0,121
EXP-61761,Familiar,5,J-004,79.15,1,117
EXP-48503,Laboral,2,J-004,61.22,0,104
EXP-90665,Familiar,4,J-004,86.92,1,77
EXP-68862,Laboral,5,J-001,83.99,1,117
EXP-82448,Penal,1,J-004,54.52,0,90
EXP-96577,Penal,4,J-001,34.18,0,133
EXP-98263,Laboral,2,J-002,56.79,0,102
EXP-50331,Penal,3,J-003,37.22,1,56
EXP-59324,Laboral,3,J-004,48.64,0,115
EXP-26653,Familiar,4,J-004,93.35,1,76
EXP-14873,Penal,5,J-001,42.68,0,135
EXP-63953,Penal,2,J-005,64.64,1,30
EXP-24782,Penal,1,J-001,85.46,0,119
EXP-31137,Laboral,1,J-001,32.54,1,23
EXP-87415,Penal,5,J-002,28.82,0,139
EXP-98527,Familiar,3,J-004,58.72,1,53
EXP-43561,Familiar,5,J-004,66.46,1,75
EXP-29586,Familiar,5,J-005,32.58,0,146
EXP-20768,Familiar,2,J-005,61.97,0,92
EXP-34891,Familiar,5,J-001,41.76,0,146
EXP-46102,Penal,5,J-003,45.57,1,91
EXP-35563,Familiar,5,J-001,15.97,0,155
EXP-14133,Familiar,3,J-002,24.64,1,43
EXP-95955,Penal,2,J-003,17.48,1,36
EXP-53347,Laboral,2,J-003,89.5,0,127
EXP-58397,Familiar,1,J-001,90.7,0,93
EXP-40682,Familiar,3,J-003,15.54,0,120
EXP-65629,Laboral,3,J-002,17.94,0,96
EXP-11008,Penal,3,J-005,62.13,1,42
EXP-47811,Penal,4,J-001,34.04,0,123
EXP-84225,Laboral,2,J-001,26.14,1,36
EXP-89642,Familiar,4,J-001,58.03,0,124
EXP-67663,Penal,3,J-001,89.02,0,152
EXP-44270,Penal,4,J-003,10.99,1,63
EXP-64281,Familiar,2,J-003,85.45,0,127
EXP-32589,Penal,3,J-005,35.09,1,51
EXP-81925,Penal,5,J-001,66.21,0,141
EXP-66749,Laboral,5,J-001,26.96,1,80
EXP-70176,Penal,2,J-003,38.98,1,39
EXP-77818,Penal,3,J-002,66.91,0,106
EXP-84464,Familiar,4,J-003,75.84,0,141
EXP-60649,Familiar,5,J-001,79.95,0,177
EXP-44062,Familiar,4,J-001,14.42,0,125
EXP-48489,Penal,5,J-003,82.15,1,106
EXP-86835,Penal,4,J-004,84.24,0,155
EXP-39708,Penal,3,J-002,70.74,0,120
EXP-29674,Laboral,1,J-005,21.23,0,79
EXP-24324,Familiar,1,J-004,13.05,1,15
EXP-15721,Familiar,5,J-004,21.69,1,76
EXP-57503,Familiar,1,J-002,10.48,1,18
EXP-42718,Familiar,3,J-002,85.17,1,96
EXP-26923,Penal,5,J-004,34.97,0,154
EXP-22502,Penal,2,J-004,30.65,0,108
EXP-79398,Penal,2,J-001,24.36,0,94
EXP-98747,Penal,3,J-005,56.77,1,56
EXP-34460,Laboral,2,J-005,89.65,0,98
EXP-61343,Laboral,5,J-002,54.98,0,141
EXP-83121,Laboral,1,J-001,46.79,1,14
EXP-83099,Penal,2,J-001,67.3,0,86
EXP-22859,Penal,1,J-001,52.95,0,76
EXP-67901,Penal,5,J-003,22.83,1,79
EXP-90721,Penal,2,J-003,74.91,1,30
EXP-12324,Penal,1,J-004,66.76,0,83
EXP-40555,Penal,1,J-003,61.54,1,23
EXP-83705,Familiar,3,J-001,77.53,0,134
EXP-94769,Laboral,5,J-004,88.62,0,187
EXP-36514,Penal,2,J-005,30.55,1,35
EXP-94597,Familiar,2,J-003,71.34,0,100
EXP-30972,Penal,3,J-005,27.99,1,62
EXP-65182,Laboral,2,J-002,89.58,0,141
EXP-57418,Familiar,4,J-003,17.05,0,119
EXP-33925,Laboral,2,J-002,28.1,0,97
EXP-94329,Familiar,1,J-002,55.81,1,23
EXP-85954,Laboral,1,J-001,16.55,1,9
EXP-64496,Laboral,1,J-003,18.99,0,96
EXP-92928,Laboral,3,J-005,62.18,0,87
EXP-35381,Laboral,1,J-004,40.62,0,97
EXP-50018,Familiar,1,J-004,82.73,1,49
EXP-27808,Penal,5,J-003,16.05,1,71
EXP-78558,Familiar,3,J-004,76.13,1,73
EXP-32557,Penal,3,J-002,72.23,0,120
EXP-32572,Penal,1,J-003,93.69,1,55
EXP-88618,Familiar,1,J-004,38.13,1,22
EXP-31118,Laboral,5,J-004,78.45,0,165
EXP-19427,Laboral,5,J-004,39.05,0,130
EXP-81355,Laboral,2,J-004,88.86,0,118
EXP-63764,Laboral,4,J-002,49.47,0,124
EXP-16802,Penal,2,J-003,10.4,1,24
EXP-29034,Penal,2,J-001,67.68,0,105
EXP-35810,Laboral,1,J-001,47.96,1,12
EXP-62941,Laboral,5,J-001,37.03,1,72
EXP-45352,Laboral,3,J-001,36.31,1,40
EXP-82909,Penal,5,J-004,66.57,0,143
EXP-78514,Penal,4,J-004,30.37,0,117
EXP-65398,Laboral,4,J-001,63.49,1,65
EXP-24335,Familiar,4,J-001,39.36,0,111
EXP-63313,Penal,2,J-004,79.83,0,117
EXP-45846,Familiar,2,J-005,76.16,0,129
EXP-78580,Familiar,1,J-004,82.72,1,56
EXP-53604,Penal,4,J-003,86.85,1,103
EXP-47302,Familiar,4,J-002,11.12,1,60
EXP-44166,Familiar,5,J-002,79.81,1,90
EXP-73004,Laboral,4,J-004,74.46,0,112
EXP-97920,Penal,3,J-003,66.06,1,49
EXP-26674,Familiar,5,J-002,43.56,1,89
EXP-42622,Familiar,1,J-001,29.86,0,78
EXP-29461,Familiar,2,J-004,24.73,1,37
EXP-34926,Laboral,4,J-002,77.27,0,165
EXP-33596,Laboral,4,J-001,59.56,1,57
EXP-11001,Laboral,3,J-002,62.09,0,126
EXP-51148,Penal,4,J-003,27.44,1,66
EXP-62361,Familiar,1,J-004,25.47,1,23
EXP-36448,Laboral,2,J-003,83.53,0,140
EXP-87659,Laboral,3,J-005,90.74,0,173
EXP-79356,Laboral,2,J-001,89.77,1,69
EXP-30935,Penal,3,J-001,45.95,0,107
EXP-20070,Familiar,4,J-002,43.69,1,76
EXP-80699,Penal,3,J-001,21.97,0,106
EXP-14950,Laboral,4,J-005,74.01,0,125
EXP-38958,Laboral,4,J-002,63.32,0,119
EXP-61640,Familiar,4,J-001,80.05,0,154
EXP-33512,Familiar,4,J-001,61.09,0,147
EXP-91431,Penal,4,J-002,32.7,0,108
EXP-82368,Laboral,1,J-003,32.93,0,81
EXP-99120,Penal,2,J-002,21.65,0,97
EXP-61326,Penal,3,J-001,69.24,0,99
EXP-26371,Familiar,4,J-004,65.82,1,66
EXP-19856,Familiar,1,J-005,48.81,0,67
EXP-60724,Laboral,4,J-003,57.35,0,132
EXP-52815,Laboral,1,J-002,52.93,0,63
EXP-27538,Penal,4,J-005,50.88,1,61
EXP-51932,Penal,3,J-001,47.34,0,135
EXP-95081,Laboral,4,J-003,58.55,0,131
EXP-32800,Familiar,1,J-002,50.23,1,7
EXP-76331,Laboral,1,J-005,30.0,0,74
EXP-23919,Penal,1,J-002,22.26,0,77
EXP-75639,Penal,5,J-004,80.73,0,161
EXP-19959,Penal,2,J-003,11.68,1,45
EXP-87736,Familiar,1,J-002,94.59,1,49
EXP-84957,Familiar,4,J-003,48.72,0,111
EXP-26472,Familiar,5,J-002,40.79,1,64
EXP-63095,Penal,2,J-005,35.12,1,40
EXP-61679,Familiar,1,J-005,18.31,0,72
EXP-29440,Laboral,5,J-005,49.3,0,135
EXP-92107,Laboral,4,J-003,36.59,0,130
EXP-37198,Penal,1,J-003,87.39,1,33
EXP-41404,Familiar,5,J-005,63.89,0,132
EXP-86259,Laboral,4,J-001,75.05,1,106
EXP-81591,Penal,3,J-004,78.63,0,148
EXP-57566,Laboral,5,J-002,49.45,0,135
EXP-43570,Familiar,1,J-002,45.23,1,7
EXP-59087,Familiar,3,J-001,33.31,0,110
EXP-41973,Laboral,5,J-005,17.31,0,141
EXP-56771,Penal,3,J-005,41.17,1,40
EXP-42206,Laboral,4,J-005,51.08,0,138
EXP-60845,Penal,3,J-002,25.35,0,118
EXP-76633,Familiar,4,J-005,77.4,0,153
EXP-13690,Familiar,2,J-002,58.36,1,37
EXP-93638,Familiar,3,J-004,35.88,1,52
EXP-31682,Familiar,5,J-004,57.95,1,78
EXP-86593,Penal,4,J-003,69.86,1,66
EXP-90105,Familiar,1,J-002,14.26,1,11
EXP-58688,Penal,5,J-005,50.07,1,70
EXP-32946,Laboral,4,J-001,63.67,1,56
EXP-47405,Penal,5,J-003,89.16,1,92
EXP-83315,Laboral,4,J-001,22.38,1,49
EXP-11543,Familiar,2,J-002,58.79,1,24
EXP-87078,Penal,3,J-004,58.07,0,131
EXP-62365,Familiar,2,J-003,51.84,0,87
EXP-59813,Familiar,5,J-004,48.49,1,78
EXP-23252,Laboral,4,J-002,94.51,0,154
EXP-45477,Familiar,1,J-002,86.73,1,72
EXP-30587,Penal,5,J-003,61.67,1,79
EXP-49637,Penal,5,J-005,63.73,1,69
EXP-27016,Familiar,2,J-003,40.86,0,87
EXP-98643,Familiar,4,J-003,10.76,0,108
EXP-70875,Laboral,5,J-001,34.4,1,79
EXP-45167,Penal,5,J-004,37.15,0,124
EXP-75810,Penal,1,J-003,81.52,1,47
EXP-23196,Penal,3,J-005,72.44,1,56
EXP-42481,Penal,3,J-005,76.48,1,73
EXP-56963,Familiar,5,J-003,35.8,0,154
EXP-96001,Familiar,4,J-004,41.95,1,65
EXP-47330,Familiar,1,J-001,15.85,0,68
EXP-66759,Penal,2,J-005,21.77,1,32
EXP-74201,Penal,1,J-002,36.95,0,81
EXP-93732,Laboral,2,J-005,74.91,0,111
EXP-80299,Penal,1,J-004,12.87,0,91
EXP-29070,Penal,3,J-004,78.93,0,148
EXP-45833,Familiar,5,J-004,94.54,1,106
EXP-47494,Laboral,2,J-002,89.46,0,125
EXP-27800,Familiar,2,J-002,74.69,1,31
EXP-13477,Laboral,3,J-005,17.42,0,103
EXP-47822,Familiar,5,J-004,71.93,1,77
EXP-71373,Penal,5,J-005,84.03,1,100
EXP-86386,Penal,5,J-002,24.44,0,152
EXP-78742,Penal,2,J-004,59.75,0,99
EXP-95517,Laboral,3,J-004,23.12,0,127
EXP-34153,Penal,3,J-004,33.42,0,108
EXP-73022,Penal,3,J-004,76.78,0,123
EXP-89951,Laboral,3,J-004,48.01,0,110
EXP-29756,Penal,3,J-001,31.33,0,111
EXP-18453,Penal,3,J-001,82.55,0,146
EXP-12486,Familiar,5,J-002,30.61,1,82
EXP-78199,Laboral,5,J-004,25.9,0,132
EXP-40801,Penal,5,J-001,78.6,0,159
EXP-56269,Familiar,1,J-004,44.64,1,29
EXP-98922,Laboral,3,J-002,59.97,0,110
EXP-83687,Laboral,2,J-002,93.25,0,112
EXP-53639,Laboral,2,J-005,78.35,0,143
EXP-10333,Penal,1,J-003,10.67,1,8
EXP-52010,Laboral,2,J-004,30.31,0,92
EXP-49462,Familiar,4,J-001,92.49,0,158
EXP-80610,Familiar,1,J-003,42.75,0,85
EXP-74692,Laboral,5,J-001,47.69,1,81
EXP-13448,Familiar,5,J-003,33.0,0,133
EXP-17833,Laboral,2,J-005,88.65,0,120
EXP-85333,Laboral,5,J-004,43.07,0,140
EXP-23809,Laboral,5,J-001,90.41,1,117
EXP-81068,Familiar,2,J-004,58.19,1,33
EXP-30430,Familiar,4,J-005,21.6,0,138
EXP-16875,Penal,4,J-001,22.95,0,127
EXP-38291,Laboral,3,J-001,22.64,1,42
EXP-30924,Laboral,2,J-002,29.32,0,92
EXP-70810,Penal,2,J-005,28.88,1,29
EXP-52271,Familiar,3,J-004,75.03,1,80
EXP-11988,Familiar,5,J-003,13.25,0,135
EXP-17163,Laboral,2,J-002,78.28,0,128
EXP-19798,Laboral,1,J-002,33.41,0,86
EXP-24540,Laboral,5,J-001,33.96,1,79
EXP-92858,Laboral,1,J-005,44.9,0,74
EXP-30168,Familiar,3,J-002,92.06,1,83
EXP-37363,Laboral,3,J-002,89.63,0,119
EXP-96244,Laboral,5,J-005,42.3,0,149
EXP-70531,Penal,3,J-003,56.84,1,41
EXP-45061,Familiar,2,J-002,34.95,1,20
EXP-62566,Penal,1,J-005,61.11,1,19
EXP-51378,Familiar,1,J-002,53.13,1,16
EXP-39128,Familiar,3,J-005,32.11,0,119
EXP-14040,Penal,5,J-003,33.1,1,76
EXP-57736,Penal,5,J-003,47.51,1,73
EXP-87634,Penal,3,J-002,53.02,0,110
EXP-92983,Penal,3,J-002,46.64,0,99
EXP-63619,Familiar,2,J-002,49.83,1,39
EXP-77726,Familiar,3,J-001,79.09,0,143
EXP-39334,Familiar,5,J-002,91.75,1,96
EXP-39252,Penal,3,J-005,69.19,1,37
EXP-58113,Laboral,1,J-001,83.28,1,49
EXP-19621,Penal,3,J-002,44.99,0,117
EXP-39545,Familiar,2,J-004,69.16,1,42
EXP-36862,Familiar,5,J-001,21.32,0,134
EXP-85902,Laboral,3,J-004,59.75,0,130
EXP-14153,Laboral,3,J-005,37.53,0,126
EXP-92693,Laboral,3,J-003,25.72,0,113
EXP-72676,Penal,3,J-001,67.25,0,99
EXP-91895,Laboral,1,J-002,20.71,0,93
EXP-81870,Laboral,3,J-005,57.43,0,108
EXP-40093,Penal,5,J-003,46.65,1,77
EXP-16011,Familiar,2,J-005,58.54,0,97
EXP-14140,Laboral,2,J-004,67.73,0,84
EXP-24848,Penal,3,J-002,56.01,0,117
EXP-89260,Penal,2,J-003,73.82,1,17
EXP-43238,Laboral,2,J-002,79.82,0,94
EXP-16253,Familiar,3,J-003,38.8,0,99
EXP-33431,Familiar,2,J-003,22.1,0,102
EXP-60171,Laboral,3,J-005,44.8,0,111
EXP-10268,Familiar,4,J-005,27.76,0,122
EXP-43993,Laboral,4,J-001,48.55,1,61
EXP-38138,Penal,4,J-005,75.8,1,106
EXP-82776,Penal,4,J-005,71.66,1,64
EXP-49784,Laboral,2,J-003,27.12,0,104
EXP-18819,Familiar,1,J-003,91.61,0,108
EXP-16953,Familiar,1,J-005,40.35,0,77
EXP-37323,Penal,1,J-005,60.71,1,26
EXP-75050,Penal,1,J-002,30.17,0,76
EXP-70349,Penal,2,J-003,43.4,1,27
EXP-46532,Penal,4,J-003,52.08,1,55
EXP-27227,Penal,2,J-001,21.32,0,102
EXP-78311,Laboral,3,J-004,18.66,0,116
EXP-75777,Penal,3,J-001,83.31,0,146
EXP-34930,Penal,3,J-005,64.87,1,44
EXP-60529,Laboral,2,J-002,12.34,0,88
EXP-99506,Laboral,4,J-001,62.55,1,58
EXP-38114,Laboral,2,J-004,19.01,0,112
EXP-34467,Penal,3,J-004,75.66,0,135
EXP-48167,Laboral,1,J-003,69.46,0,79
EXP-62668,Familiar,2,J-002,31.97,1,29
EXP-21189,Familiar,4,J-001,52.55,0,114
EXP-60996,Penal,3,J-001,42.32,0,112
EXP-34222,Laboral,5,J-003,13.98,0,132
EXP-72205,Laboral,4,J-005,77.28,0,143
EXP-79386,Familiar,1,J-005,81.53,0,98
EXP-86444,Familiar,1,J-002,56.55,1,29
EXP-59181,Laboral,5,J-003,29.26,0,123
EXP-81680,Familiar,3,J-005,80.32,0,152
EXP-57971,Laboral,5,J-003,76.28,0,157
EXP-77914,Familiar,1,J-002,77.23,1,62
EXP-17596,Penal,1,J-005,75.18,1,72
EXP-20165,Familiar,5,J-003,54.24,0,132
EXP-22779,Laboral,5,J-003,42.45,0,130
EXP-43531,Familiar,5,J-003,50.79,0,130
EXP-27013,Laboral,5,J-005,86.93,0,169
EXP-30460,Familiar,1,J-001,87.13,0,143
EXP-46147,Laboral,1,J-001,26.12,1,13
EXP-41150,Penal,5,J-001,77.5,0,172
EXP-65848,Laboral,1,J-003,80.89,0,123
EXP-95070,Penal,5,J-002,81.83,0,168
EXP-10729,Familiar,2,J-002,63.62,1,38
EXP-24961,Penal,5,J-003,27.59,1,85
EXP-82449,Penal,3,J-003,78.03,1,84
EXP-93975,Penal,5,J-001,68.76,0,160
EXP-22196,Familiar,3,J-002,41.19,1,46
EXP-37617,Penal,4,J-002,48.31,0,121
EXP-49887,Laboral,3,J-005,31.04,0,119
EXP-43556,Laboral,4,J-005,55.27,0,133
EXP-66921,Familiar,2,J-005,33.25,0,103
EXP-69885,Penal,3,J-002,13.33,0,103
EXP-95498,Familiar,1,J-004,36.64,1,32
EXP-46391,Familiar,2,J-003,29.84,0,78
EXP-67816,Familiar,5,J-004,84.46,1,113
EXP-61067,Familiar,5,J-005,62.07,0,142
EXP-35183,Penal,5,J-002,77.89,0,168
EXP-45223,Familiar,4,J-001,10.39,0,119
EXP-60087,Penal,5,J-003,94.77,1,124
EXP-55999,Penal,3,J-003,51.97,1,41
EXP-54235,Penal,1,J-002,19.55,0,83
EXP-99893,Laboral,1,J-001,58.65,1,6
EXP-52049,Familiar,5,J-003,29.39,0,141
EXP-38275,Laboral,3,J-002,86.89,0,130
EXP-61866,Laboral,5,J-002,47.36,0,155
EXP-85980,Laboral,1,J-002,13.61,0,90
EXP-69540,Penal,1,J-001,40.27,0,74
EXP-19674,Familiar,3,J-001,88.72,0,131
EXP-92850,Familiar,1,J-003,73.68,0,76
EXP-48619,Familiar,3,J-002,11.85,1,50
EXP-61719,Laboral,2,J-002,19.38,0,99
EXP-68442,Laboral,1,J-002,24.39,0,68
EXP-11744,Familiar,4,J-005,57.16,0,144
EXP-58907,Laboral,1,J-002,81.57,0,106
EXP-48282,Familiar,1,J-003,79.02,0,121
EXP-53540,Laboral,3,J-003,16.58,0,112
EXP-16914,Familiar,2,J-002,36.94,1,38
EXP-33583,Laboral,1,J-002,27.29,0,77
EXP-24392,Penal,5,J-001,26.94,0,136
EXP-65093,Familiar,1,J-005,15.99,0,76
EXP-98353,Penal,2,J-003,31.11,1,32
EXP-51909,Familiar,4,J-005,39.82,0,139
EXP-37487,Familiar,4,J-004,67.41,1,67
EXP-55696,Penal,3,J-003,27.23,1,60
EXP-24173,Penal,5,J-004,38.14,0,131
EXP-50657,Penal,4,J-003,14.84,1,66
EXP-65614,Penal,2,J-004,53.34,0,82
EXP-63503,Penal,3,J-005,89.51,1,74
EXP-75198,Penal,2,J-004,19.13,0,92
EXP-83102,Penal,2,J-002,82.34,0,128
EXP-95292,Laboral,3,J-005,55.9,0,117
EXP-18321,Laboral,5,J-001,58.22,1,88
EXP-68835,Laboral,2,J-003,33.64,0,77
EXP-51180,Penal,1,J-005,23.96,1,17
EXP-76069,Laboral,4,J-003,19.9,0,125
EXP-33551,Penal,1,J-002,77.46,0,117
EXP-53165,Familiar,3,J-005,74.05,0,112
EXP-66989,Familiar,3,J-002,48.58,1,35
EXP-19309,Penal,2,J-003,81.48,1,48
EXP-30840,Penal,2,J-001,81.66,0,133
EXP-91711,Familiar,4,J-004,68.97,1,52
EXP-82315,Familiar,2,J-003,33.38,0,79
EXP-65624,Laboral,3,J-004,21.58,0,112
EXP-11127,Laboral,2,J-005,67.1,0,102
EXP-13087,Penal,1,J-001,33.19,0,96
EXP-46627,Penal,2,J-003,81.01,1,45
EXP-88145,Laboral,1,J-004,82.46,0,100
EXP-22238,Laboral,4,J-003,73.11,0,126
EXP-81724,Penal,4,J-002,43.48,0,116
EXP-63225,Laboral,5,J-002,23.78,0,143
EXP-83578,Familiar,5,J-002,15.02,1,85
EXP-31556,Laboral,1,J-002,67.21,0,75
EXP-18541,Penal,4,J-001,85.13,0,176
EXP-85816,Familiar,2,J-002,79.74,1,74
EXP-68368,Familiar,2,J-001,52.58,0,101
EXP-90567,Laboral,3,J-003,66.66,0,108
EXP-77151,Penal,3,J-005,37.82,1,38
EXP-62719,Laboral,2,J-002,90.96,0,116
EXP-59413,Laboral,1,J-005,37.58,0,89
EXP-99232,Penal,2,J-005,31.73,1,41
EXP-80923,Familiar,4,J-004,22.49,1,62
EXP-28789,Laboral,2,J-005,15.89,0,97
EXP-21879,Penal,4,J-003,37.21,1,57
EXP-23419,Familiar,5,J-005,59.04,0,138
EXP-39184,Laboral,2,J-002,60.22,0,118
EXP-44136,Familiar,4,J-003,28.4,0,113
EXP-49918,Penal,1,J-001,38.88,0,83
EXP-27398,Laboral,5,J-004,72.06,0,146
EXP-46531,Penal,1,J-005,32.46,1,20
EXP-87727,Familiar,2,J-003,73.8,0,103
EXP-17008,Penal,5,J-001,84.33,0,182
EXP-52062,Penal,3,J-003,39.83,1,53
EXP-36401,Laboral,3,J-004,13.58,0,96
EXP-41755,Familiar,2,J-005,82.2,0,123
EXP-43321,Laboral,2,J-002,69.54,0,101
EXP-95989,Penal,3,J-002,39.39,0,117
EXP-44716,Laboral,1,J-002,42.78,0,97
EXP-75175,Familiar,5,J-003,32.74,0,145
EXP-87983,Penal,5,J-003,61.23,1,86
EXP-98682,Penal,5,J-005,70.01,1,86
EXP-18837,Laboral,2,J-002,37.53,0,89
EXP-67476,Penal,5,J-005,27.53,1,82
EXP-24293,Penal,3,J-001,74.24,0,101
EXP-11602,Familiar,3,J-004,94.23,1,100
EXP-64428,Penal,4,J-001,66.11,0,135
EXP-96201,Familiar,3,J-002,43.77,1,33
EXP-56024,Laboral,3,J-004,68.7,0,91
EXP-94768,Laboral,3,J-003,24.79,0,123
EXP-35259,Penal,4,J-004,60.93,0,125
EXP-59137,Laboral,2,J-001,26.79,1,33
EXP-38826,Familiar,1,J-001,51.65,0,78
EXP-26292,Familiar,2,J-004,23.38,1,48
EXP-17916,Penal,2,J-003,42.44,1,30
EXP-29576,Penal,4,J-003,77.12,1,99
EXP-95895,Penal,2,J-001,75.0,0,106
EXP-50698,Familiar,5,J-002,56.92,1,77
EXP-58490,Laboral,3,J-003,72.92,0,95
EXP-88167,Penal,4,J-005,24.91,1,69
EXP-39885,Familiar,1,J-003,19.71,0,87
EXP-69669,Penal,4,J-001,62.77,0,132
EXP-61541,Penal,3,J-001,19.91,0,116
EXP-77017,Laboral,2,J-005,76.22,0,104
EXP-23990,Penal,2,J-002,81.53,0,127
EXP-19148,Laboral,5,J-002,22.99,0,148
EXP-63676,Laboral,2,J-005,87.6,0,145
EXP-47504,Penal,5,J-005,91.52,1,107
EXP-16699,Laboral,4,J-003,67.99,0,127
EXP-27535,Familiar,3,J-003,17.31,0,121
EXP-75879,Laboral,3,J-003,64.79,0,109
EXP-92891,Penal,3,J-005,42.08,1,62
EXP-60789,Familiar,3,J-002,73.24,1,44
EXP-26513,Penal,5,J-003,64.19,1,68
EXP-29058,Laboral,1,J-001,36.86,1,7
EXP-10065,Penal,2,J-002,66.53,0,95
EXP-35907,Laboral,5,J-002,56.08,0,125
EXP-65230,Laboral,1,J-001,79.89,1,35
EXP-46752,Penal,4,J-002,11.43,0,105
EXP-87043,Laboral,2,J-003,87.13,0,105
EXP-15716,Familiar,4,J-002,12.86,1,62
EXP-90757,Laboral,4,J-002,88.39,0,151
EXP-29976,Penal,1,J-002,94.41,0,122
EXP-57102,Familiar,5,J-004,67.3,1,74
EXP-45912,Familiar,4,J-003,58.6,0,124
EXP-47878,Penal,1,J-001,31.07,0,92
EXP-62286,Penal,1,J-002,14.56,0,83
EXP-58872,Familiar,4,J-002,27.22,1,57
EXP-86638,Laboral,4,J-003,54.96,0,137
EXP-52387,Laboral,3,J-001,48.71,1,56
EXP-82247,Penal,5,J-004,39.0,0,144
EXP-47436,Penal,5,J-005,22.61,1,77
EXP-54962,Familiar,2,J-004,75.05,1,65
EXP-77692,Laboral,3,J-003,19.12,0,118
EXP-41754,Laboral,3,J-005,76.89,0,151
EXP-51705,Laboral,2,J-003,72.5,0,111
EXP-28890,Familiar,1,J-002,15.64,1,22
EXP-40432,Penal,2,J-001,55.11,0,86
EXP-67649,Penal,4,J-001,41.27,0,117
EXP-39706,Familiar,4,J-002,32.14,1,66
EXP-13253,Familiar,4,J-003,87.27,0,160
EXP-86154,Laboral,4,J-002,67.06,0,134
EXP-57042,Laboral,3,J-001,88.17,1,80
EXP-32174,Laboral,1,J-005,78.67,0,113
EXP-87248,Familiar,3,J-004,27.62,1,48
EXP-10522,Laboral,5,J-001,34.81,1,86
EXP-60631,Familiar,4,J-003,89.31,0,162
EXP-91206,Penal,5,J-001,81.91,0,148
EXP-68954,Laboral,4,J-001,39.06,1,57
EXP-94366,Familiar,5,J-002,67.92,1,80
EXP-67397,Laboral,5,J-003,66.05,0,118
EXP-28336,Familiar,3,J-003,73.57,0,107
EXP-28626,Laboral,4,J-002,70.8,0,129
EXP-89130,Familiar,5,J-003,12.26,0,121
EXP-49674,Penal,1,J-004,37.05,0,61
EXP-75158,Penal,2,J-002,86.78,0,129
EXP-44000,Laboral,2,J-005,63.18,0,100
EXP-43230,Familiar,2,J-002,53.04,1,38
EXP-59294,Penal,3,J-004,78.49,0,155
EXP-76161,Laboral,3,J-004,53.23,0,89
EXP-91776,Familiar,1,J-003,46.65,0,64
EXP-11006,Laboral,1,J-001,80.7,1,53
EXP-28949,Penal,3,J-005,16.99,1,42
EXP-63852,Laboral,1,J-002,81.77,0,114
EXP-69350,Laboral,4,J-003,12.51,0,116
EXP-45345,Familiar,4,J-004,75.99,1,101
EXP-82484,Familiar,5,J-004,49.81,1,84
EXP-68209,Laboral,4,J-002,27.37,0,139
EXP-87576,Penal,5,J-004,88.94,0,172
EXP-62282,Familiar,5,J-005,38.79,0,138
EXP-27247,Laboral,4,J-004,65.09,0,117
EXP-68250,Familiar,1,J-004,35.03,1,23
EXP-73889,Penal,3,J-001,68.32,0,102
EXP-56773,Familiar,4,J-003,94.01,0,167
EXP-97722,Familiar,4,J-001,12.72,0,145
EXP-99911,Penal,4,J-003,93.64,1,106
EXP-60512,Laboral,3,J-004,45.32,0,122
EXP-52020,Penal,2,J-002,54.3,0,114
EXP-82762,Penal,3,J-003,14.99,1,53
EXP-97933,Laboral,2,J-003,50.29,0,98
EXP-67200,Laboral,4,J-003,14.7,0,120
EXP-47243,Familiar,1,J-001,54.94,0,78
EXP-91414,Penal,5,J-004,39.79,0,148
EXP-27073,Laboral,5,J-002,11.9,0,120
EXP-87422,Penal,3,J-002,93.73,0,144
EXP-15584,Laboral,2,J-002,81.85,0,112
EXP-13312,Familiar,1,J-005,41.7,0,86
EXP-63910,Penal,5,J-005,91.85,1,96
EXP-67420,Familiar,3,J-001,35.28,0,124
EXP-15995,Penal,2,J-005,43.11,1,41
EXP-27852,Laboral,2,J-003,26.43,0,103
EXP-83029,Laboral,4,J-002,72.49,0,141
EXP-86198,Penal,5,J-003,56.32,1,69
EXP-73020,Laboral,2,J-003,55.5,0,85
EXP-94270,Laboral,1,J-004,22.73,0,78
EXP-45582,Laboral,4,J-005,61.15,0,150
EXP-78106,Laboral,1,J-004,69.77,0,83
EXP-20273,Laboral,4,J-005,46.84,0,133
EXP-36214,Familiar,5,J-002,30.63,1,64
EXP-74605,Laboral,1,J-002,18.42,0,76
EXP-42235,Familiar,2,J-003,77.59,0,124
EXP-84669,Penal,2,J-005,47.08,1,41
EXP-77364,Familiar,1,J-001,27.19,0,70
EXP-21196,Laboral,1,J-004,23.84,0,81
EXP-10006,Familiar,5,J-004,17.3,1,64
EXP-23019,Laboral,3,J-002,67.07,0,95
EXP-20298,Familiar,3,J-004,87.02,1,95
EXP-49433,Familiar,5,J-003,79.64,0,171
EXP-11047,Familiar,4,J-005,82.73,0,164
EXP-84162,Familiar,2,J-001,80.66,0,121
EXP-14420,Laboral,5,J-002,13.16,0,126
EXP-35529,Penal,2,J-005,14.75,1,30
EXP-87874,Laboral,3,J-005,20.13,0,117
EXP-56778,Penal,1,J-004,79.02,0,110
EXP-69853,Laboral,3,J-005,43.39,0,100
EXP-91707,Penal,2,J-002,92.37,0,139
EXP-59713,Laboral,4,J-001,89.68,1,89
EXP-92200,Familiar,1,J-003,12.25,0,89
EXP-63401,Penal,2,J-002,29.85,0,85
EXP-29741,Penal,3,J-001,42.32,0,117
EXP-25588,Familiar,1,J-004,62.17,1,16
EXP-81046,Laboral,5,J-001,47.71,1,72
EXP-61675,Familiar,3,J-004,60.29,1,52
EXP-78795,Laboral,3,J-005,52.78,0,110
EXP-90917,Familiar,3,J-002,11.36,1,53
EXP-73466,Laboral,5,J-005,80.64,0,170
EXP-74865,Penal,3,J-004,66.36,0,114
EXP-58476,Laboral,5,J-002,54.28,0,154
EXP-50768,Laboral,5,J-005,89.33,0,171
EXP-62738,Laboral,4,J-004,17.86,0,148
EXP-94477,Familiar,3,J-002,39.7,1,52
EXP-47338,Penal,3,J-002,33.56,0,112
EXP-77529,Laboral,1,J-001,53.7,1,32
EXP-13668,Laboral,1,J-005,82.08,0,99
EXP-95048,Laboral,5,J-002,28.39,0,134
EXP-43061,Penal,2,J-005,88.16,1,64
EXP-29523,Penal,5,J-005,41.04,1,77
EXP-81816,Laboral,4,J-002,31.26,0,119
EXP-89976,Penal,5,J-003,10.03,1,65
EXP-95456,Penal,1,J-005,42.01,1,28
EXP-99799,Familiar,3,J-001,15.27,0,101
EXP-51203,Laboral,3,J-003,71.97,0,113
EXP-64367,Penal,5,J-005,28.7,1,79
EXP-26473,Penal,3,J-003,55.99,1,46
EXP-99691,Penal,5,J-004,35.6,0,135
EXP-21121,Familiar,2,J-004,82.52,1,68
EXP-65190,Penal,5,J-005,22.57,1,84
EXP-29742,Laboral,5,J-002,48.19,0,165
EXP-37007,Laboral,4,J-005,93.27,0,158
EXP-73594,Familiar,1,J-003,34.62,0,90
EXP-79594,Laboral,2,J-005,61.13,0,92
EXP-95866,Penal,3,J-001,59.4,0,104
EXP-86941,Familiar,3,J-005,64.17,0,108
EXP-30057,Laboral,5,J-004,12.27,0,156
EXP-53367,Laboral,4,J-002,88.2,0,160
EXP-55554,Laboral,5,J-003,59.7,0,131
EXP-60957,Laboral,4,J-005,53.54,0,129
EXP-54634,Laboral,5,J-005,49.06,0,122
EXP-58261,Laboral,2,J-001,24.61,1,26
EXP-81982,Laboral,3,J-004,29.31,0,105
EXP-24031,Familiar,2,J-004,40.73,1,49
EXP-42926,Laboral,2,J-002,49.18,0,95
EXP-24902,Familiar,2,J-001,84.12,0,121
EXP-43374,Familiar,2,J-004,94.8,1,78
EXP-93295,Laboral,2,J-001,57.22,1,40
EXP-67871,Laboral,4,J-002,90.89,0,161
EXP-42161,Laboral,4,J-001,94.92,1,90
EXP-18434,Laboral,2,J-002,74.15,0,94
EXP-16365,Familiar,3,J-005,37.4,0,122
EXP-67342,Laboral,1,J-002,25.79,0,75
EXP-65531,Penal,2,J-005,86.09,1,64
EXP-69262,Penal,5,J-002,80.03,0,169
EXP-60813,Laboral,4,J-001,80.3,1,99
EXP-62410,Penal,1,J-002,36.32,0,87
EXP-65255,Penal,3,J-005,56.97,1,53
EXP-23105,Penal,3,J-001,84.82,0,141
EXP-13357,Familiar,4,J-001,26.34,0,123
EXP-33614,Familiar,5,J-003,75.55,0,170
EXP-64931,Penal,5,J-002,20.21,0,122
EXP-78727,Familiar,1,J-001,60.85,0,69
EXP-45009,Laboral,1,J-001,70.27,1,14
EXP-32815,Laboral,4,J-001,91.22,1,93
EXP-78981,Laboral,5,J-003,36.47,0,136
EXP-89801,Laboral,4,J-005,19.6,0,125
EXP-49371,Familiar,5,J-003,59.25,0,135
EXP-77172,Familiar,1,J-001,30.91,0,74
EXP-39455,Laboral,5,J-003,11.93,0,161
EXP-86651,Penal,5,J-003,92.51,1,131
EXP-31925,Penal,1,J-005,23.64,1,21
EXP-29957,Laboral,2,J-001,54.49,1,28
EXP-48988,Laboral,2,J-002,46.04,0,99
EXP-27466,Penal,1,J-004,36.14,0,89
EXP-95787,Familiar,3,J-002,51.17,1,58
EXP-43097,Penal,2,J-001,75.94,0,128
EXP-93358,Penal,5,J-002,21.5,0,120
EXP-33418,Laboral,3,J-002,91.17,0,149
EXP-99564,Penal,1,J-002,45.73,0,67
EXP-29828,Familiar,5,J-003,53.52,0,148
EXP-47527,Laboral,1,J-005,52.26,0,91
EXP-53734,Penal,3,J-004,62.87,0,133
EXP-48355,Familiar,3,J-001,32.27,0,105
EXP-33729,Penal,4,J-003,64.89,1,70
EXP-11872,Penal,2,J-005,23.83,1,25
EXP-35058,Laboral,5,J-001,82.01,1,115
EXP-49885,Penal,1,J-001,71.05,0,76
EXP-41543,Penal,1,J-004,47.72,0,74
EXP-30474,Familiar,1,J-002,92.93,1,67
EXP-36703,Laboral,5,J-004,48.15,0,128
EXP-71704,Familiar,3,J-004,40.17,1,49
EXP-49495,Penal,2,J-005,56.42,1,44
EXP-68021,Laboral,5,J-003,75.53,0,172
EXP-77171,Penal,5,J-002,10.48,0,131
EXP-67279,Familiar,1,J-005,14.22,0,62
EXP-62294,Laboral,1,J-005,50.79,0,63
EXP-76370,Laboral,2,J-003,86.46,0,115
EXP-15733,Penal,3,J-002,41.2,0,118
EXP-90253,Laboral,1,J-001,66.44,1,19
EXP-81401,Laboral,2,J-002,62.69,0,104
EXP-62563,Penal,1,J-001,54.17,0,79
EXP-91985,Penal,2,J-005,29.08,1,26
EXP-70778,Laboral,3,J-004,11.56,0,123
EXP-68280,Laboral,4,J-002,69.11,0,119
EXP-16891,Penal,5,J-005,48.25,1,92
EXP-63834,Familiar,3,J-004,82.18,1,66
EXP-51245,Familiar,5,J-004,77.09,1,117
EXP-59732,Penal,5,J-004,18.98,0,143
EXP-92609,Penal,2,J-002,32.09,0,85
EXP-43449,Laboral,1,J-001,21.22,1,10
EXP-93079,Familiar,1,J-003,75.82,0,85
EXP-80314,Laboral,2,J-005,39.06,0,78
EXP-40891,Laboral,2,J-003,43.57,0,81
EXP-44313,Penal,5,J-001,26.11,0,141
EXP-38750,Familiar,3,J-003,82.47,0,147
EXP-24989,Penal,2,J-005,18.55,1,33
EXP-32838,Penal,2,J-003,82.24,1,44
EXP-88025,Penal,3,J-002,59.19,0,119
EXP-66768,Penal,2,J-002,49.7,0,96
EXP-38702,Penal,2,J-002,15.22,0,83
EXP-34369,Laboral,4,J-003,31.08,0,121
EXP-55173,Penal,3,J-002,66.43,0,109
EXP-26779,Laboral,3,J-003,48.04,0,107
EXP-35943,Penal,1,J-003,26.54,1,7
EXP-21333,Penal,4,J-002,45.27,0,126
EXP-99460,Laboral,2,J-004,48.93,0,96
EXP-20292,Laboral,5,J-003,11.89,0,137
EXP-76553,Penal,4,J-002,22.35,0,133
EXP-57031,Penal,3,J-002,56.06,0,130
EXP-68181,Familiar,2,J-003,39.6,0,98
EXP-53351,Laboral,2,J-002,40.05,0,84
EXP-47118,Laboral,2,J-003,41.29,0,89
EXP-30186,Penal,3,J-001,66.56,0,95
EXP-70209,Familiar,3,J-005,60.18,0,107
EXP-23311,Familiar,3,J-005,27.66,0,105
EXP-22468,Laboral,3,J-003,43.7,0,108
EXP-48048,Familiar,5,J-002,59.14,1,88
EXP-10779,Penal,5,J-001,19.54,0,138
EXP-15806,Familiar,3,J-002,44.94,1,53
EXP-69208,Familiar,4,J-003,90.92,0,190
EXP-75441,Familiar,4,J-004,12.83,1,61
EXP-37222,Familiar,4,J-001,94.64,0,146
EXP-28609,Familiar,5,J-004,13.67,1,91
EXP-73023,Laboral,2,J-002,33.71,0,90
EXP-11929,Familiar,5,J-003,82.38,0,161
EXP-89780,Familiar,4,J-003,30.64,0,126
EXP-10582,Familiar,5,J-005,40.53,0,121
EXP-34255,Laboral,4,J-002,72.51,0,127
EXP-59187,Familiar,3,J-004,76.6,1,72
EXP-73662,Laboral,3,J-004,68.55,0,109
EXP-59588,Laboral,3,J-002,17.83,0,116
EXP-22883,Laboral,4,J-005,86.5,0,146
EXP-66561,Laboral,3,J-002,32.93,0,107
EXP-64353,Familiar,4,J-003,60.66,0,123
EXP-46912,Laboral,4,J-002,13.6,0,103
EXP-10011,Penal,5,J-002,90.79,0,162
EXP-71014,Laboral,5,J-004,16.49,0,134
EXP-33832,Familiar,3,J-003,90.48,0,127
EXP-98692,Penal,4,J-003,13.7,1,59
EXP-96678,Laboral,2,J-001,85.23,1,60
EXP-97795,Familiar,4,J-002,93.76,1,104
EXP-11026,Penal,2,J-001,78.29,0,129
EXP-25032,Familiar,2,J-004,86.67,1,78
EXP-35800,Laboral,5,J-005,62.66,0,126
EXP-73381,Penal,4,J-002,48.09,0,122
EXP-93935,Laboral,3,J-004,54.38,0,98
EXP-35961,Penal,5,J-001,15.66,0,144
EXP-77032,Laboral,4,J-002,88.93,0,157
EXP-85388,Laboral,5,J-002,14.65,0,142
EXP-61244,Penal,4,J-002,92.35,0,147
EXP-42521,Laboral,4,J-004,71.13,0,116
EXP-67878,Penal,5,J-002,75.44,0,174
EXP-97083,Penal,4,J-002,91.52,0,151
EXP-55491,Penal,1,J-002,66.69,0,81
EXP-45798,Laboral,2,J-004,92.47,0,112
EXP-98264,Penal,4,J-005,22.88,1,54
EXP-50878,Penal,3,J-005,58.79,1,50
EXP-41835,Familiar,5,J-004,52.93,1,70
EXP-32762,Laboral,2,J-005,58.46,0,98
EXP-13174,Penal,1,J-003,32.71,1,7
EXP-48626,Penal,1,J-002,56.99,0,88
EXP-38598,Familiar,4,J-004,90.36,1,101
EXP-48965,Laboral,2,J-005,71.14,0,102
EXP-10685,Penal,2,J-004,72.07,0,104
EXP-75193,Familiar,4,J-003,91.37,0,155
EXP-29214,Penal,1,J-001,37.81,0,59
EXP-82047,Penal,4,J-001,71.7,0,135
EXP-79569,Laboral,4,J-002,54.7,0,132
EXP-51432,Penal,3,J-002,94.76,0,146
EXP-96276,Penal,4,J-001,20.51,0,123
EXP-72464,Familiar,1,J-005,69.17,0,85
EXP-68537,Penal,4,J-005,83.96,1,101
EXP-83717,Laboral,3,J-001,25.53,1,54
EXP-53674,Penal,1,J-001,57.51,0,69
EXP-12918,Laboral,2,J-001,26.47,1,19
EXP-15401,Penal,4,J-003,23.85,1,57
EXP-70428,Familiar,2,J-004,13.13,1,22
EXP-81681,Laboral,2,J-002,39.73,0,95
EXP-83403,Laboral,1,J-005,94.82,0,97
EXP-59960,Penal,5,J-003,52.01,1,76
EXP-66996,Penal,5,J-001,43.86,0,155
EXP-87313,Penal,5,J-005,68.51,1,75
EXP-26150,Penal,1,J-002,70.53,0,87
EXP-63580,Familiar,3,J-003,92.83,0,152
EXP-84339,Penal,1,J-002,13.56,0,65
EXP-76719,Familiar,5,J-001,40.31,0,132
EXP-80870,Laboral,5,J-002,62.88,0,158
EXP-78252,Laboral,5,J-002,54.2,0,160
EXP-21405,Familiar,5,J-003,16.88,0,138
EXP-90302,Familiar,1,J-005,28.75,0,77
EXP-59989,Penal,4,J-003,71.89,1,67
EXP-30336,Familiar,1,J-005,41.61,0,90
EXP-28847,Laboral,5,J-003,67.0,0,160
EXP-20295,Penal,1,J-003,36.46,1,24
EXP-66736,Laboral,3,J-001,82.32,1,85
EXP-42828,Penal,5,J-001,82.78,0,163
EXP-76982,Laboral,5,J-004,91.82,0,157
EXP-97384,Familiar,2,J-004,30.41,1,18
EXP-16680,Penal,2,J-005,31.82,1,18
EXP-21096,Penal,2,J-001,43.18,0,100
EXP-56379,Laboral,3,J-001,61.22,1,43
EXP-77233,Penal,2,J-002,44.22,0,96
EXP-17995,Familiar,1,J-004,33.92,1,28
EXP-46230,Laboral,5,J-003,32.99,0,135
EXP-86019,Familiar,3,J-001,41.04,0,118
EXP-37550,Laboral,3,J-001,76.84,1,88
EXP-81062,Penal,3,J-005,54.79,1,35
EXP-87950,Laboral,2,J-002,41.26,0,93
EXP-90413,Penal,3,J-002,75.63,0,142
EXP-15861,Laboral,4,J-003,79.05,0,164
EXP-33700,Laboral,1,J-004,57.2,0,93
EXP-74080,Penal,4,J-005,17.22,1,61
EXP-97455,Familiar,5,J-002,77.7,1,119
EXP-67154,Familiar,5,J-002,26.64,1,81
EXP-18175,Laboral,1,J-001,57.69,1,22
EXP-78438,Familiar,4,J-005,49.54,0,126
EXP-86766,Familiar,1,J-005,79.38,0,89
EXP-16528,Penal,2,J-001,46.59,0,111
EXP-32540,Familiar,4,J-001,47.22,0,138
EXP-81060,Penal,2,J-005,43.99,1,47
EXP-48092,Familiar,4,J-002,21.29,1,58
EXP-65612,Laboral,3,J-005,68.05,0,112
EXP-56029,Penal,1,J-005,15.85,1,25
EXP-32092,Laboral,2,J-004,89.84,0,123
EXP-22312,Laboral,5,J-002,70.79,0,152
EXP-21658,Penal,5,J-002,80.13,0,179
EXP-93643,Penal,3,J-005,34.43,1,48
EXP-96583,Laboral,3,J-003,26.5,0,99
EXP-66632,Laboral,1,J-003,26.04,0,87
EXP-47636,Familiar,5,J-001,10.38,0,128
EXP-66163,Familiar,4,J-002,80.2,1,100
EXP-41975,Laboral,3,J-005,34.38,0,98
EXP-83630,Laboral,3,J-003,41.1,0,101
EXP-79536,Laboral,1,J-004,23.48,0,67
EXP-44312,Laboral,3,J-005,35.76,0,89
EXP-56809,Penal,2,J-001,55.64,0,95
EXP-89954,Penal,5,J-001,31.86,0,142
EXP-27773,Laboral,4,J-004,11.51,0,140
EXP-34384,Penal,2,J-005,85.82,1,48
EXP-61832,Familiar,1,J-002,67.65,1,11
EXP-45723,Familiar,5,J-003,37.61,0,134
EXP-82833,Familiar,2,J-003,17.53,0,85
EXP-95348,Familiar,3,J-004,60.73,1,56
EXP-42436,Penal,3,J-005,76.78,1,82
EXP-30706,Familiar,3,J-003,86.12,0,115
EXP-93865,Familiar,2,J-003,60.53,0,86
EXP-11150,Laboral,2,J-001,91.36,1,67
EXP-61362,Laboral,1,J-005,90.13,0,116
EXP-90437,Laboral,3,J-003,11.38,0,129
EXP-49612,Penal,4,J-002,67.61,0,129
EXP-33719,Familiar,1,J-001,10.25,0,95
EXP-81648,Penal,5,J-005,45.67,1,65
EXP-77648,Familiar,3,J-004,54.76,1,40
EXP-82649,Penal,3,J-003,21.72,1,56
EXP-81695,Laboral,2,J-002,67.44,0,101
EXP-99305,Penal,4,J-001,78.31,0,167
EXP-64597,Familiar,3,J-001,67.58,0,121
EXP-22888,Familiar,1,J-002,31.74,1,30
EXP-69851,Penal,4,J-005,93.45,1,93
EXP-19628,Laboral,5,J-005,47.64,0,135
EXP-99209,Laboral,2,J-002,53.81,0,112
EXP-91681,Penal,3,J-004,44.53,0,103
EXP-84618,Laboral,2,J-004,88.04,0,107
EXP-79091,Penal,5,J-004,31.63,0,136
EXP-17140,Penal,1,J-002,65.92,0,86
EXP-56313,Laboral,3,J-002,78.53,0,136
EXP-81620,Familiar,4,J-004,92.35,1,104
EXP-27259,Laboral,5,J-001,48.89,1,78
EXP-32663,Laboral,4,J-001,67.03,1,60
EXP-24421,Familiar,3,J-001,50.31,0,125
EXP-74624,Familiar,2,J-001,11.46,0,86
EXP-98400,Penal,3,J-003,37.62,1,56
EXP-62919,Familiar,2,J-003,87.72,0,126
EXP-77792,Penal,4,J-003,68.83,1,67
EXP-69452,Penal,5,J-001,27.71,0,154
EXP-77542,Familiar,4,J-002,76.71,1,93
EXP-86580,Laboral,4,J-004,26.2,0,108
EXP-18971,Penal,3,J-003,93.78,1,89
EXP-18605,Laboral,5,J-004,48.27,0,143
EXP-16646,Familiar,2,J-005,30.23,0,107
EXP-44890,Familiar,1,J-003,11.06,0,79
EXP-96232,Penal,2,J-003,75.02,1,57
EXP-77206,Familiar,4,J-004,36.1,1,72
EXP-20922,Laboral,2,J-003,44.79,0,109
EXP-24266,Laboral,4,J-001,78.54,1,113
EXP-29205,Penal,3,J-004,40.02,0,117
EXP-42895,Familiar,1,J-002,51.43,1,28
EXP-99708,Penal,1,J-005,90.71,1,48
EXP-41931,Penal,4,J-002,10.4,0,121
EXP-40585,Laboral,5,J-002,54.32,0,147
EXP-17905,Familiar,2,J-005,87.58,0,120
EXP-47172,Laboral,1,J-003,62.95,0,60
EXP-87858,Penal,5,J-004,74.93,0,134
EXP-22780,Laboral,3,J-002,33.6,0,108
EXP-28998,Familiar,2,J-005,55.63,0,94
EXP-56358,Penal,5,J-001,17.52,0,130
EXP-82189,Penal,1,J-003,37.76,1,16
EXP-13473,Laboral,5,J-004,46.85,0,140
EXP-27752,Familiar,1,J-003,43.09,0,71
EXP-89421,Familiar,5,J-005,84.85,0,186
EXP-86956,Familiar,4,J-003,86.69,0,170
EXP-19519,Familiar,5,J-003,54.57,0,153
EXP-56720,Laboral,5,J-001,50.83,1,73
EXP-12582,Familiar,5,J-001,79.1,0,178
EXP-99595,Penal,2,J-005,37.52,1,22
EXP-57843,Penal,2,J-001,38.38,0,105
EXP-52800,Familiar,4,J-004,24.54,1,67
EXP-88030,Familiar,3,J-002,93.29,1,89
EXP-74578,Laboral,4,J-005,30.1,0,110
EXP-78135,Laboral,1,J-001,15.36,1,15
EXP-31072,Familiar,2,J-002,48.5,1,32
EXP-68969,Laboral,2,J-004,61.63,0,108
EXP-91542,Laboral,1,J-005,74.2,0,77
EXP-25952,Familiar,3,J-003,60.85,0,93
EXP-86902,Penal,5,J-005,50.72,1,90
EXP-41184,Penal,2,J-005,10.11,1,38
EXP-68629,Laboral,5,J-003,18.41,0,134
EXP-21049,Laboral,3,J-003,20.31,0,101
EXP-31638,Familiar,1,J-003,12.1,0,91
EXP-78689,Familiar,3,J-005,84.73,0,114
EXP-33958,Laboral,1,J-001,79.3,1,58
EXP-45097,Laboral,4,J-002,53.52,0,138
EXP-26921,Penal,5,J-002,57.79,0,136
EXP-59262,Penal,1,J-001,49.69,0,81
EXP-78812,Familiar,4,J-004,40.45,1,71
EXP-64698,Familiar,1,J-004,45.8,1,32
EXP-91017,Penal,2,J-005,19.02,1,28
EXP-51666,Laboral,2,J-003,21.63,0,94
EXP-69021,Penal,3,J-002,21.69,0,102
EXP-69803,Familiar,4,J-003,67.17,0,120
EXP-92591,Familiar,5,J-004,43.14,1,74
EXP-14050,Laboral,1,J-005,46.26,0,93
EXP-52762,Penal,5,J-002,28.08,0,158
EXP-40464,Laboral,5,J-005,71.36,0,156
EXP-82647,Familiar,5,J-005,19.89,0,151
EXP-13514,Penal,1,J-004,45.88,0,88
EXP-23963,Penal,2,J-001,37.72,0,91
EXP-99038,Laboral,4,J-002,55.9,0,119
EXP-40526,Familiar,1,J-003,81.49,0,133
EXP-20814,Penal,3,J-002,44.57,0,99
EXP-84460,Familiar,3,J-004,90.94,1,69
EXP-54221,Familiar,2,J-004,52.51,1,19
EXP-51313,Penal,1,J-001,65.02,0,91
EXP-23219,Familiar,4,J-001,73.09,0,123
EXP-96422,Familiar,1,J-001,51.69,0,89
EXP-32167,Penal,1,J-002,15.19,0,86
EXP-31305,Familiar,4,J-001,49.26,0,121
EXP-12229,Laboral,1,J-005,50.09,0,68
EXP-95820,Familiar,3,J-005,52.5,0,91
EXP-53480,Laboral,4,J-004,61.27,0,131
EXP-96950,Familiar,2,J-004,11.91,1,24
EXP-51212,Penal,3,J-002,13.65,0,120
EXP-99401,Familiar,5,J-001,16.04,0,127
EXP-62517,Laboral,5,J-002,12.1,0,145
EXP-84206,Familiar,2,J-001,72.36,0,83
EXP-28099,Laboral,2,J-002,82.78,0,136
EXP-14583,Penal,5,J-003,25.44,1,70
EXP-33254,Penal,5,J-002,68.91,0,142
EXP-71937,Penal,2,J-005,39.25,1,23
EXP-87525,Laboral,3,J-004,91.06,0,165
EXP-43154,Familiar,3,J-005,55.62,0,112
EXP-85834,Familiar,3,J-002,27.18,1,46
EXP-39988,Penal,5,J-002,14.02,0,127
EXP-12524,Penal,5,J-004,38.8,0,137
EXP-55027,Familiar,3,J-003,73.61,0,100
EXP-83181,Laboral,3,J-005,58.47,0,104
EXP-57847,Familiar,2,J-003,21.6,0,103
EXP-51798,Familiar,3,J-002,59.97,1,61
EXP-76942,Laboral,5,J-003,31.11,0,137
EXP-51547,Familiar,4,J-001,52.61,0,130
EXP-37481,Laboral,5,J-001,70.71,1,74
EXP-59769,Laboral,5,J-001,56.76,1,83
EXP-91749,Familiar,1,J-004,83.03,1,43
EXP-57119,Penal,2,J-004,51.34,0,89
EXP-69043,Familiar,1,J-003,88.18,0,98
EXP-90679,Laboral,1,J-005,40.05,0,95
EXP-66861,Laboral,5,J-002,31.87,0,139
EXP-64540,Laboral,1,J-004,74.18,0,103
EXP-34554,Penal,2,J-001,35.03,0,98
EXP-15784,Penal,5,J-003,79.71,1,113
EXP-55814,Laboral,5,J-002,91.36,0,159
EXP-16404,Familiar,5,J-003,17.8,0,149
EXP-26554,Penal,5,J-003,25.29,1,70
EXP-66871,Laboral,5,J-003,78.37,0,173
EXP-32963,Familiar,4,J-003,17.98,0,118
EXP-60051,Familiar,4,J-004,59.9,1,61
EXP-73996,Laboral,2,J-001,53.39,1,33
EXP-83851,Familiar,5,J-004,31.15,1,74
EXP-64897,Familiar,5,J-001,78.22,0,157
EXP-44554,Laboral,2,J-005,36.15,0,81
EXP-83148,Penal,1,J-005,31.07,1,15
EXP-97510,Familiar,5,J-003,29.52,0,150
EXP-30938,Laboral,4,J-001,78.44,1,93
EXP-20674,Penal,5,J-003,76.7,1,105
EXP-15105,Penal,1,J-001,80.63,0,122
EXP-10059,Familiar,5,J-004,55.75,1,79
EXP-27718,Laboral,5,J-005,62.39,0,163
EXP-22234,Laboral,1,J-001,16.83,1,17
EXP-21323,Laboral,3,J-004,81.63,0,167
EXP-32367,Penal,2,J-004,50.52,0,110
EXP-30549,Laboral,4,J-004,31.83,0,135
EXP-13509,Penal,1,J-001,65.31,0,81
EXP-57657,Laboral,4,J-001,42.82,1,66
EXP-76252,Familiar,1,J-002,70.65,1,9
EXP-87517,Penal,5,J-004,17.55,0,148
EXP-68314,Penal,3,J-001,70.95,0,127
EXP-24863,Penal,3,J-003,15.73,1,57
EXP-60131,Familiar,5,J-005,92.93,0,175
EXP-21070,Penal,5,J-005,33.69,1,89
EXP-85187,Penal,2,J-001,13.36,0,97
EXP-93938,Laboral,4,J-002,22.49,0,121
EXP-99336,Penal,2,J-004,26.99,0,89
EXP-30461,Laboral,4,J-003,64.04,0,147
EXP-45294,Familiar,2,J-005,67.81,0,94
EXP-16001,Familiar,4,J-003,58.16,0,144
EXP-61716,Penal,2,J-004,13.93,0,105
EXP-83021,Laboral,1,J-002,84.47,0,118
EXP-87252,Laboral,3,J-001,24.84,1,54
EXP-31733,Familiar,5,J-001,72.83,0,144
EXP-15936,Laboral,4,J-002,81.85,0,160
EXP-96029,Familiar,1,J-004,75.69,1,60
EXP-50780,Familiar,3,J-004,93.97,1,91
EXP-17975,Familiar,3,J-001,88.28,0,139
EXP-76022,Laboral,5,J-005,40.91,0,151
EXP-33749,Laboral,5,J-005,54.69,0,134
EXP-29955,Familiar,1,J-003,33.79,0,79
EXP-66716,Penal,1,J-003,75.11,1,48
EXP-23756,Familiar,1,J-003,58.4,0,91
EXP-10907,Familiar,2,J-005,87.29,0,140
EXP-62118,Familiar,4,J-004,13.61,1,59
EXP-65710,Familiar,2,J-004,58.11,1,37
EXP-92255,Laboral,5,J-002,55.33,0,155
EXP-60741,Familiar,4,J-001,38.91,0,113
EXP-36216,Familiar,2,J-001,29.72,0,85
EXP-68935,Laboral,1,J-001,28.62,1,13
EXP-29607,Familiar,4,J-001,18.13,0,113
EXP-50200,Penal,3,J-005,18.53,1,35
EXP-26712,Laboral,3,J-003,62.71,0,87
EXP-47117,Laboral,1,J-005,15.4,0,87
EXP-71670,Laboral,4,J-005,68.89,0,130
EXP-59708,Laboral,2,J-002,14.45,0,87
EXP-78732,Laboral,4,J-001,74.77,1,76
EXP-57028,Penal,2,J-003,47.6,1,47
EXP-74351,Laboral,5,J-001,19.81,1,79
EXP-49817,Laboral,1,J-003,90.51,0,114
EXP-51703,Laboral,2,J-003,50.69,0,105
EXP-32023,Penal,1,J-002,29.04,0,81
EXP-78090,Laboral,5,J-004,82.89,0,162
EXP-34987,Laboral,1,J-004,80.2,0,116
EXP-55819,Penal,2,J-003,31.05,1,36
EXP-44456,Familiar,3,J-004,24.27,1,65
EXP-43998,Laboral,1,J-005,90.19,0,115
EXP-58069,Penal,4,J-002,78.35,0,182
EXP-39869,Penal,4,J-002,75.22,0,169
EXP-22463,Laboral,1,J-005,75.46,0,127
EXP-77547,Familiar,2,J-001,67.93,0,88
EXP-20450,Familiar,4,J-004,76.2,1,79
EXP-20141,Penal,3,J-003,94.33,1,81
EXP-55243,Familiar,5,J-002,56.57,1,78
EXP-91639,Familiar,4,J-004,14.23,1,64
EXP-38298,Familiar,3,J-003,69.67,0,109
EXP-98607,Penal,1,J-004,49.54,0,78
EXP-54991,Laboral,3,J-002,24.86,0,119
EXP-24429,Penal,1,J-001,90.92,0,106
EXP-71554,Penal,2,J-004,78.22,0,114
EXP-91014,Familiar,2,J-001,31.8,0,80
EXP-16857,Laboral,4,J-001,53.81,1,58
EXP-92561,Penal,1,J-005,79.63,1,54
EXP-40598,Familiar,2,J-001,24.72,0,101
EXP-89734,Familiar,5,J-004,51.44,1,60
EXP-98550,Penal,3,J-002,58.24,0,94
EXP-72787,Laboral,2,J-003,58.04,0,84
EXP-65522,Laboral,4,J-003,84.86,0,167
EXP-66080,Laboral,3,J-002,40.19,0,125
EXP-56815,Penal,1,J-002,12.15,0,79
EXP-31246,Familiar,1,J-003,63.49,0,97
EXP-35201,Penal,4,J-003,80.21,1,81
EXP-58208,Penal,3,J-001,25.1,0,115
EXP-80218,Familiar,5,J-001,75.33,0,150
EXP-22475,Familiar,4,J-004,18.28,1,71
EXP-30235,Familiar,1,J-001,39.67,0,81
EXP-70769,Familiar,2,J-002,83.12,1,60
EXP-65516,Penal,4,J-002,85.73,0,180
EXP-90744,Penal,2,J-005,22.43,1,44
EXP-50346,Laboral,4,J-004,43.22,0,137
EXP-21489,Familiar,1,J-004,72.13,1,5
EXP-74294,Penal,1,J-001,73.58,0,85
EXP-40228,Laboral,2,J-005,19.09,0,89
EXP-97516,Penal,4,J-003,80.51,1,92
EXP-63969,Familiar,2,J-005,24.85,0,103
EXP-62961,Familiar,2,J-001,40.99,0,98
EXP-58371,Familiar,4,J-004,65.6,1,66
EXP-74258,Familiar,1,J-003,85.78,0,100
EXP-90322,Familiar,3,J-005,57.41,0,121
EXP-82166,Penal,3,J-003,27.64,1,61
EXP-67388,Penal,4,J-001,45.14,0,125
EXP-21541,Penal,3,J-005,84.79,1,86
EXP-49869,Laboral,5,J-005,92.92,0,188
EXP-33474,Familiar,3,J-004,60.66,1,37
EXP-28636,Familiar,5,J-001,37.71,0,144
EXP-38225,Familiar,4,J-004,68.52,1,63
EXP-67645,Familiar,5,J-002,29.79,1,83
EXP-13770,Penal,3,J-002,81.99,0,151
EXP-80273,Penal,2,J-002,59.05,0,94
EXP-88065,Laboral,2,J-002,91.58,0,105
EXP-62098,Familiar,3,J-003,47.11,0,92
EXP-33709,Penal,3,J-003,40.31,1,42
EXP-59524,Laboral,3,J-003,29.76,0,107
EXP-26497,Familiar,1,J-002,48.78,1,27
EXP-49739,Familiar,2,J-004,68.75,1,31
EXP-39425,Laboral,5,J-002,48.5,0,153
EXP-79040,Familiar,5,J-001,83.14,0,183
EXP-81116,Penal,1,J-004,65.41,0,74
EXP-39260,Penal,1,J-003,20.31,1,13
EXP-30314,Penal,3,J-003,26.7,1,47
EXP-48083,Laboral,5,J-003,46.29,0,139
EXP-77257,Familiar,4,J-003,16.77,0,139
EXP-20482,Penal,5,J-001,64.66,0,153
EXP-67833,Familiar,3,J-001,31.11,0,106
EXP-13936,Penal,3,J-005,52.37,1,39
EXP-79480,Penal,5,J-002,48.87,0,122
EXP-42360,Penal,3,J-002,54.08,0,101
EXP-40207,Familiar,5,J-002,29.79,1,65
EXP-90609,Penal,2,J-001,18.82,0,103
EXP-96580,Familiar,1,J-005,57.06,0,60
EXP-25794,Familiar,3,J-004,37.3,1,43
EXP-77203,Familiar,3,J-002,57.89,1,50
EXP-79411,Laboral,4,J-002,36.72,0,137
EXP-67701,Laboral,2,J-005,86.33,0,114
EXP-82580,Penal,3,J-003,85.54,1,84
EXP-13072,Familiar,5,J-004,89.66,1,101
EXP-44057,Familiar,1,J-002,27.03,1,18
EXP-84095,Penal,3,J-004,56.17,0,113
EXP-72493,Laboral,1,J-001,58.16,1,18
EXP-57209,Penal,5,J-001,86.75,0,148
EXP-96450,Familiar,5,J-003,55.08,0,132
EXP-56692,Penal,2,J-001,65.45,0,85
EXP-31385,Laboral,4,J-003,21.9,0,117
EXP-47212,Penal,1,J-002,24.54,0,69
EXP-32190,Laboral,3,J-001,15.97,1,50
EXP-39215,Laboral,5,J-003,13.78,0,158
EXP-96049,Penal,3,J-005,19.73,1,44
EXP-95285,Penal,4,J-005,21.74,1,72
EXP-36617,Penal,3,J-001,11.47,0,121
EXP-87072,Laboral,5,J-005,87.5,0,179
EXP-48873,Laboral,5,J-001,12.36,1,83
EXP-85840,Familiar,5,J-005,42.1,0,150
EXP-72957,Familiar,5,J-005,59.44,0,143
EXP-90165,Familiar,3,J-002,74.39,1,32
EXP-88934,Familiar,3,J-003,32.27,0,115
EXP-13955,Laboral,5,J-001,76.84,1,102
EXP-82134,Laboral,5,J-001,66.28,1,75
EXP-59079,Laboral,2,J-001,43.73,1,21
EXP-20022,Laboral,4,J-004,43.32,0,125
EXP-82529,Penal,5,J-001,57.55,0,122
EXP-81615,Familiar,3,J-005,31.29,0,103
EXP-66591,Familiar,4,J-004,27.73,1,65
EXP-34886,Laboral,5,J-001,30.62,1,76
EXP-69016,Laboral,2,J-004,88.29,0,112
EXP-78782,Laboral,5,J-005,73.03,0,145
EXP-99673,Laboral,4,J-004,13.45,0,127
EXP-76295,Familiar,5,J-001,22.12,0,136
EXP-57642,Familiar,5,J-002,76.02,1,117
EXP-23435,Penal,3,J-005,50.88,1,39
EXP-12811,Laboral,2,J-002,67.85,0,91
EXP-56374,Penal,4,J-005,34.05,1,71
EXP-76084,Laboral,4,J-001,38.67,1,61
EXP-58155,Familiar,1,J-004,51.09,1,10
EXP-98106,Familiar,1,J-002,42.15,1,18
EXP-25375,Laboral,5,J-005,74.17,0,142
EXP-36865,Laboral,3,J-004,31.42,0,94
EXP-54341,Familiar,5,J-002,72.64,1,66
EXP-76694,Penal,2,J-001,10.37,0,95
EXP-91488,Laboral,5,J-002,66.8,0,149
EXP-36870,Laboral,5,J-004,33.79,0,124
EXP-39101,Penal,3,J-004,53.27,0,94
EXP-49162,Familiar,4,J-002,27.38,1,57
EXP-51151,Laboral,1,J-005,90.94,0,115
EXP-25346,Familiar,4,J-001,84.13,0,174
EXP-45467,Laboral,4,J-003,14.58,0,120
EXP-27831,Penal,2,J-004,24.22,0,91
EXP-11330,Laboral,2,J-004,52.16,0,105
EXP-88184,Penal,2,J-003,71.35,1,49
EXP-59381,Laboral,4,J-005,13.03,0,123
EXP-93829,Laboral,1,J-003,47.04,0,69
EXP-93806,Familiar,3,J-004,63.28,1,47
EXP-14576,Familiar,2,J-005,64.99,0,95
EXP-75444,Laboral,4,J-004,17.84,0,109
EXP-48473,Penal,5,J-005,45.16,1,84
EXP-35226,Penal,4,J-004,22.78,0,117
EXP-28232,Penal,5,J-002,52.88,0,135
EXP-34125,Penal,3,J-005,35.1,1,44
EXP-58710,Familiar,1,J-003,83.86,0,114
EXP-24486,Laboral,4,J-001,57.07,1,64
EXP-94133,Laboral,1,J-005,41.29,0,76
EXP-71122,Laboral,5,J-001,57.62,1,65
EXP-83530,Penal,3,J-001,40.8,0,121
EXP-69105,Laboral,1,J-005,65.72,0,64
EXP-25770,Laboral,1,J-004,23.58,0,86
EXP-61760,Laboral,1,J-002,64.65,0,84
EXP-10811,Penal,2,J-004,69.5,0,112
EXP-40021,Penal,3,J-003,46.92,1,46
EXP-92805,Penal,2,J-003,29.5,1,40
EXP-15585,Penal,3,J-005,48.85,1,49
EXP-10914,Laboral,1,J-005,36.38,0,86
EXP-59083,Laboral,4,J-003,68.08,0,121
EXP-43988,Laboral,3,J-002,46.79,0,105
EXP-26944,Laboral,4,J-003,89.0,0,152
EXP-19423,Familiar,5,J-004,31.61,1,71
EXP-48663,Familiar,1,J-003,68.0,0,90
EXP-80473,Familiar,4,J-003,54.31,0,122
EXP-24674,Familiar,5,J-002,60.43,1,72
EXP-84839,Penal,2,J-002,57.39,0,118
EXP-75328,Familiar,3,J-003,45.52,0,118
EXP-91041,Laboral,3,J-001,68.05,1,51
EXP-38965,Familiar,4,J-004,62.49,1,75
EXP-11180,Penal,4,J-002,43.46,0,142
EXP-11286,Penal,3,J-005,91.03,1,78
EXP-14876,Laboral,5,J-001,54.4,1,64
EXP-44845,Laboral,4,J-004,85.5,0,164
EXP-87454,Laboral,5,J-001,85.73,1,93
EXP-37212,Penal,1,J-004,94.76,0,106
EXP-42032,Laboral,1,J-002,24.76,0,76
EXP-75421,Penal,3,J-003,12.43,1,41
EXP-90407,Laboral,3,J-002,11.35,0,91
EXP-58260,Familiar,4,J-001,39.85,0,124
EXP-14501,Familiar,3,J-002,68.98,1,44
EXP-18035,Penal,3,J-002,91.05,0,121
EXP-74491,Penal,4,J-003,33.42,1,67
EXP-59130,Penal,3,J-002,66.8,0,89
EXP-52961,Penal,4,J-005,17.76,1,69
EXP-83265,Familiar,1,J-001,12.61,0,78
EXP-84485,Laboral,3,J-005,85.7,0,130
EXP-78870,Laboral,1,J-003,54.66,0,82
EXP-52505,Familiar,4,J-005,46.24,0,109
EXP-22936,Laboral,5,J-004,82.95,0,162
EXP-50969,Laboral,1,J-005,71.08,0,73
EXP-57572,Penal,3,J-003,69.19,1,51
EXP-41114,Penal,3,J-001,50.3,0,120
EXP-52391,Penal,1,J-004,72.14,0,100
EXP-96069,Familiar,2,J-003,30.05,0,100
EXP-91476,Laboral,3,J-003,48.28,0,128
EXP-86995,Laboral,5,J-003,62.25,0,145
EXP-54610,Familiar,5,J-003,33.35,0,140
EXP-71497,Familiar,5,J-001,19.95,0,141
EXP-41873,Penal,4,J-002,56.86,0,118
EXP-72000,Familiar,3,J-004,67.75,1,38
EXP-11612,Laboral,2,J-003,78.35,0,116
EXP-33921,Familiar,4,J-003,62.48,0,106
EXP-11703,Penal,2,J-004,62.55,0,83
EXP-72587,Familiar,5,J-005,10.22,0,128
EXP-58971,Laboral,3,J-004,86.36,0,128
EXP-88901,Penal,5,J-003,13.73,1,68
EXP-29996,Laboral,5,J-002,33.64,0,150
EXP-37651,Laboral,3,J-005,20.62,0,112
EXP-18442,Familiar,4,J-001,92.75,0,137
EXP-69742,Familiar,1,J-005,22.03,0,62
EXP-32302,Penal,1,J-002,58.35,0,83
EXP-95217,Familiar,3,J-003,90.12,0,146
EXP-89023,Penal,5,J-002,10.99,0,158
EXP-52166,Familiar,2,J-001,81.88,0,120
EXP-47244,Familiar,2,J-001,50.12,0,106
EXP-74265,Penal,1,J-005,18.26,1,9
EXP-73732,Familiar,4,J-004,21.15,1,69
EXP-49191,Laboral,2,J-003,11.51,0,110
EXP-25440,Familiar,4,J-005,94.65,0,164
EXP-30149,Penal,5,J-004,17.37,0,145
EXP-15141,Laboral,3,J-001,85.77,1,81
EXP-30292,Penal,2,J-002,21.06,0,116
EXP-91855,Familiar,5,J-005,34.6,0,125
EXP-66659,Familiar,5,J-002,56.64,1,73
EXP-13397,Laboral,4,J-003,49.5,0,131
EXP-68275,Penal,2,J-001,78.34,0,115
EXP-88833,Familiar,2,J-003,24.34,0,102
EXP-42291,Penal,3,J-002,73.92,0,102
EXP-49278,Familiar,3,J-003,18.24,0,89
EXP-93331,Penal,3,J-003,84.25,1,63
EXP-65132,Laboral,5,J-001,94.46,1,117
EXP-34695,Laboral,2,J-005,88.74,0,119
EXP-93053,Penal,5,J-004,74.99,0,132
EXP-76676,Laboral,5,J-002,80.19,0,171
EXP-14714,Penal,5,J-002,33.85,0,160
EXP-60137,Penal,3,J-004,31.65,0,101
EXP-27333,Penal,5,J-003,54.0,1,81
EXP-18198,Laboral,2,J-004,25.52,0,113
EXP-79525,Laboral,3,J-001,68.84,1,61
EXP-71109,Penal,5,J-005,25.17,1,84
EXP-80125,Laboral,1,J-002,58.89,0,88
EXP-63063,Penal,3,J-001,27.46,0,99
EXP-47217,Familiar,4,J-005,19.68,0,131
EXP-43752,Penal,3,J-001,18.78,0,116
EXP-27098,Laboral,2,J-002,10.89,0,85
EXP-46022,Familiar,1,J-005,94.27,0,100
EXP-29396,Laboral,3,J-001,13.31,1,43
EXP-33627,Penal,4,J-002,64.1,0,131
EXP-13411,Laboral,5,J-003,54.95,0,123
EXP-35216,Penal,3,J-001,85.04,0,120
EXP-22349,Penal,4,J-002,51.68,0,105
EXP-67811,Penal,2,J-001,39.23,0,93
EXP-35274,Familiar,2,J-005,12.11,0,90
EXP-15298,Familiar,1,J-003,51.75,0,75
EXP-47457,Penal,2,J-005,10.83,1,35
EXP-92615,Penal,5,J-004,31.65,0,143
EXP-37726,Laboral,1,J-004,94.57,0,120
EXP-28265,Penal,5,J-005,32.6,1,90
EXP-12295,Penal,1,J-003,57.23,1,16
EXP-60856,Laboral,2,J-003,86.31,0,124
EXP-28264,Laboral,4,J-002,20.12,0,122
EXP-64516,Familiar,3,J-002,25.26,1,36
EXP-87329,Familiar,2,J-001,54.59,0,88
EXP-35805,Laboral,5,J-002,24.12,0,136
EXP-77377,Laboral,5,J-002,10.54,0,149
EXP-36539,Familiar,2,J-003,57.42,0,98
EXP-70512,Familiar,3,J-001,78.44,0,152
EXP-20688,Familiar,2,J-003,90.61,0,155
EXP-46660,Familiar,2,J-005,77.08,0,105
EXP-14703,Familiar,1,J-005,13.33,0,84
EXP-41701,Laboral,3,J-003,39.96,0,87
EXP-44853,Familiar,3,J-004,70.93,1,51
EXP-58604,Penal,4,J-004,51.81,0,139
EXP-62700,Familiar,3,J-001,21.31,0,122
EXP-29965,Laboral,2,J-004,59.36,0,80
EXP-64249,Familiar,4,J-004,79.12,1,94
EXP-35456,Penal,3,J-001,30.39,0,104
EXP-78951,Laboral,2,J-002,22.77,0,82
EXP-78564,Laboral,3,J-004,26.87,0,106
EXP-73436,Laboral,5,J-005,30.08,0,136
EXP-27842,Laboral,1,J-001,88.62,1,32
EXP-87885,Laboral,5,J-002,88.27,0,160
EXP-59578,Familiar,1,J-004,46.77,1,30
EXP-21455,Familiar,2,J-002,89.47,1,62
EXP-21941,Laboral,4,J-005,58.19,0,121
EXP-81727,Laboral,3,J-002,22.88,0,110
EXP-58348,Laboral,4,J-003,14.05,0,130
EXP-97611,Laboral,4,J-003,73.71,0,128
EXP-58724,Penal,2,J-002,50.13,0,104
EXP-22442,Penal,2,J-001,46.9,0,98
EXP-45574,Laboral,1,J-001,25.32,1,14
EXP-93210,Familiar,3,J-001,56.75,0,95
EXP-53386,Familiar,1,J-005,74.63,0,74
EXP-98500,Familiar,5,J-002,36.75,1,81
EXP-82774,Familiar,4,J-002,56.38,1,65
EXP-59461,Laboral,2,J-002,33.49,0,101
EXP-74156,Familiar,4,J-004,83.72,1,86
EXP-68313,Penal,4,J-005,70.68,1,53
EXP-34324,Familiar,2,J-003,77.94,0,130
EXP-21928,Penal,2,J-003,50.09,1,25
EXP-81576,Penal,4,J-003,68.92,1,70
EXP-86032,Penal,4,J-001,47.62,0,102
EXP-41736,Laboral,3,J-005,32.65,0,114
EXP-40806,Laboral,3,J-003,33.24,0,127
EXP-96830,Penal,2,J-002,45.85,0,77
EXP-76596,Laboral,5,J-004,16.34,0,145
EXP-98605,Penal,5,J-004,14.92,0,135
EXP-22500,Laboral,5,J-004,52.2,0,139
EXP-49896,Laboral,3,J-005,93.42,0,157
EXP-93744,Laboral,3,J-005,15.92,0,95
EXP-70042,Penal,4,J-003,63.15,1,66
EXP-72603,Laboral,2,J-001,82.72,1,59
EXP-66478,Penal,4,J-002,31.12,0,133
EXP-82416,Penal,1,J-002,47.88,0,75
EXP-70977,Laboral,4,J-001,45.89,1,57
EXP-19119,Penal,4,J-003,14.15,1,65
EXP-44303,Penal,2,J-002,89.92,0,140
EXP-79370,Familiar,2,J-004,16.75,1,37
EXP-17638,Familiar,2,J-003,80.16,0,134
EXP-10832,Laboral,4,J-005,33.61,0,138
EXP-19135,Laboral,4,J-001,18.14,1,70
EXP-90120,Penal,1,J-002,83.79,0,104
EXP-67405,Familiar,1,J-005,40.92,0,65
EXP-29554,Penal,3,J-003,41.93,1,52
EXP-50388,Familiar,2,J-001,83.17,0,135
EXP-76703,Familiar,1,J-005,38.99,0,66
EXP-85754,Penal,4,J-002,92.23,0,157
EXP-21868,Laboral,1,J-005,32.88,0,66
EXP-68131,Familiar,5,J-002,44.31,1,92
EXP-71466,Laboral,5,J-002,52.85,0,147
EXP-98679,Familiar,5,J-002,27.17,1,78
EXP-96474,Familiar,1,J-001,15.97,0,87
EXP-12167,Penal,3,J-003,42.08,1,48
EXP-19642,Familiar,2,J-002,34.99,1,18
EXP-60183,Laboral,2,J-001,16.4,1,34
EXP-45513,Penal,1,J-003,61.58,1,11
EXP-89339,Laboral,2,J-003,44.67,0,84
EXP-35697,Laboral,4,J-003,69.67,0,132
EXP-33780,Familiar,5,J-004,81.68,1,108
EXP-84949,Laboral,2,J-003,92.07,0,117
EXP-95139,Laboral,3,J-001,33.91,1,48
EXP-71847,Familiar,2,J-001,80.31,0,115
EXP-45337,Laboral,2,J-005,85.66,0,141
EXP-22858,Familiar,3,J-005,74.4,0,87
EXP-87011,Laboral,5,J-004,52.92,0,141
EXP-99839,Laboral,3,J-001,13.43,1,38
EXP-21396,Penal,4,J-004,58.07,0,136
EXP-59674,Penal,1,J-004,42.91,0,88
EXP-53849,Familiar,5,J-003,40.36,0,145
EXP-25495,Familiar,4,J-005,55.52,0,120
EXP-43838,Penal,3,J-005,21.57,1,48
EXP-70370,Laboral,4,J-004,76.53,0,172
EXP-54432,Familiar,1,J-001,37.8,0,86
EXP-73839,Familiar,5,J-001,68.96,0,136
EXP-29596,Laboral,1,J-001,33.81,1,6
EXP-88942,Penal,1,J-005,59.44,1,26
EXP-80692,Familiar,4,J-003,73.82,0,133
EXP-54407,Familiar,1,J-001,41.88,0,59
EXP-35962,Penal,1,J-002,28.55,0,84
EXP-56509,Penal,3,J-001,43.74,0,96
EXP-61002,Laboral,2,J-004,19.98,0,98
EXP-68125,Laboral,2,J-004,63.39,0,95
EXP-73798,Penal,5,J-004,72.69,0,132
EXP-69886,Familiar,3,J-001,57.46,0,111
EXP-35885,Penal,3,J-003,82.4,1,74
EXP-23333,Penal,1,J-001,37.3,0,79
EXP-67278,Laboral,2,J-005,75.89,0,134
EXP-26609,Laboral,2,J-002,17.91,0,74
EXP-85165,Penal,2,J-002,21.06,0,88
EXP-32239,Penal,3,J-003,11.44,1,47
EXP-55419,Penal,4,J-001,68.88,0,134
EXP-51801,Penal,4,J-001,28.96,0,114
EXP-25899,Laboral,3,J-005,10.87,0,101
EXP-31252,Laboral,4,J-005,19.32,0,126
EXP-20065,Familiar,4,J-005,40.3,0,129
EXP-45844,Familiar,5,J-003,18.06,0,135
EXP-30866,Familiar,4,J-005,21.69,0,132
EXP-85016,Familiar,5,J-002,77.6,1,116
EXP-41864,Penal,5,J-003,51.45,1,77
EXP-65810,Familiar,2,J-005,51.6,0,107
EXP-57195,Penal,1,J-002,22.02,0,59
EXP-57976,Penal,3,J-004,52.15,0,114
EXP-15445,Laboral,4,J-001,93.37,1,111
EXP-32778,Penal,4,J-005,28.55,1,64
EXP-77368,Familiar,1,J-003,83.59,0,132
EXP-54208,Laboral,1,J-001,76.04,1,35
EXP-78136,Familiar,5,J-001,65.94,0,120
EXP-76466,Penal,2,J-002,77.83,0,103
EXP-53936,Penal,3,J-002,55.45,0,107
EXP-43932,Familiar,5,J-005,43.03,0,131
EXP-50371,Laboral,4,J-003,48.65,0,137
EXP-31241,Familiar,1,J-003,92.17,0,112
EXP-77445,Familiar,1,J-003,75.33,0,105
EXP-71612,Familiar,3,J-005,66.68,0,98
EXP-54250,Familiar,4,J-005,39.75,0,130
EXP-20448,Laboral,3,J-001,83.8,1,74
EXP-48731,Laboral,5,J-001,84.26,1,101
EXP-75231,Laboral,3,J-004,65.94,0,107
EXP-90738,Penal,1,J-005,74.71,1,17
EXP-36909,Penal,4,J-003,59.24,1,75
EXP-74248,Penal,2,J-005,69.78,1,36
EXP-91139,Familiar,4,J-003,56.22,0,137
EXP-73582,Laboral,2,J-001,62.73,1,23
EXP-48369,Laboral,4,J-001,89.95,1,105
EXP-63599,Familiar,4,J-004,51.74,1,63
EXP-60261,Familiar,3,J-005,89.83,0,145
EXP-75297,Laboral,4,J-002,41.83,0,130
EXP-35385,Laboral,1,J-002,70.27,0,88
EXP-44156,Penal,5,J-004,63.2,0,151
EXP-72550,Penal,1,J-004,91.43,0,132
EXP-68402,Laboral,1,J-002,28.02,0,71
EXP-84721,Familiar,4,J-005,29.2,0,125
EXP-11652,Penal,2,J-005,90.92,1,80
EXP-52159,Laboral,4,J-001,30.2,1,57
EXP-52589,Laboral,5,J-004,80.75,0,190
EXP-20397,Familiar,4,J-005,53.12,0,128
EXP-15297,Familiar,1,J-002,82.25,1,65
EXP-27593,Penal,5,J-002,68.72,0,126
EXP-46842,Penal,1,J-005,79.77,1,52
EXP-53797,Penal,3,J-003,63.35,1,37
EXP-12621,Familiar,3,J-003,58.7,0,115
EXP-24736,Penal,2,J-002,13.33,0,90
EXP-91262,Laboral,4,J-004,56.77,0,128
EXP-50393,Laboral,2,J-004,60.29,0,82
EXP-44192,Penal,5,J-002,64.62,0,132
EXP-12019,Familiar,2,J-004,91.51,1,71
EXP-96954,Laboral,2,J-005,81.98,0,97
EXP-74721,Laboral,1,J-001,64.34,1,9
EXP-77697,Penal,2,J-003,94.89,1,70
EXP-85672,Penal,3,J-003,43.06,1,53
EXP-18730,Laboral,3,J-005,83.31,0,149
EXP-26589,Laboral,4,J-004,78.59,0,152
EXP-99134,Laboral,2,J-003,65.05,0,107
EXP-58395,Familiar,3,J-004,85.81,1,106
EXP-68500,Penal,2,J-002,25.26,0,99
EXP-79892,Familiar,2,J-003,28.88,0,93
EXP-23705,Penal,5,J-003,28.22,1,73
EXP-22861,Penal,4,J-003,24.95,1,49
EXP-66900,Penal,5,J-003,66.38,1,80
EXP-43606,Penal,3,J-004,54.13,0,98
EXP-55127,Laboral,5,J-005,73.91,0,148
EXP-50848,Familiar,1,J-005,40.47,0,71
EXP-62840,Penal,3,J-004,25.89,0,102
EXP-23028,Familiar,4,J-004,29.93,1,53
EXP-51018,Laboral,2,J-004,90.92,0,117
EXP-85577,Laboral,4,J-005,77.44,0,144
EXP-90309,Familiar,4,J-002,64.92,1,63
EXP-74213,Penal,5,J-004,57.16,0,145
EXP-65147,Laboral,3,J-003,57.5,0,109
EXP-40832,Laboral,4,J-004,12.03,0,125
EXP-83511,Laboral,3,J-004,72.56,0,98
EXP-80497,Laboral,3,J-004,94.16,0,174
EXP-80869,Penal,1,J-002,74.31,0,87
EXP-27807,Laboral,1,J-001,94.32,1,66
EXP-43349,Laboral,5,J-001,25.19,1,69
EXP-94502,Penal,5,J-004,78.39,0,196
EXP-96991,Familiar,4,J-004,92.23,1,98
EXP-73480,Penal,1,J-002,38.8,0,87
EXP-75575,Laboral,4,J-004,28.87,0,102
EXP-79874,Laboral,4,J-001,26.67,1,52
EXP-33108,Penal,3,J-003,31.52,1,50
EXP-31245,Penal,5,J-004,59.93,0,140
EXP-74304,Penal,1,J-001,30.95,0,74
EXP-99629,Familiar,2,J-002,57.07,1,30
EXP-46843,Penal,5,J-004,10.43,0,150
EXP-24487,Laboral,3,J-002,49.26,0,117
EXP-38553,Penal,5,J-005,22.98,1,81
EXP-95349,Laboral,4,J-002,12.32,0,130
EXP-31120,Penal,5,J-002,29.23,0,116
EXP-68976,Laboral,4,J-002,27.48,0,132
EXP-10477,Familiar,4,J-003,90.76,0,156
EXP-16340,Laboral,2,J-003,78.06,0,103
EXP-32883,Laboral,2,J-002,27.5,0,93
EXP-83725,Familiar,5,J-004,74.27,1,72
EXP-16392,Laboral,1,J-005,59.59,0,75
EXP-41792,Familiar,4,J-001,87.91,0,145
EXP-16673,Laboral,1,J-004,10.22,0,63
EXP-50091,Penal,2,J-004,69.03,0,75
EXP-86826,Familiar,3,J-001,18.83,0,117
EXP-78802,Laboral,4,J-003,12.52,0,135
EXP-19484,Familiar,3,J-002,18.75,1,63
EXP-98033,Penal,3,J-003,78.37,1,105
EXP-85687,Penal,1,J-005,94.8,1,56
EXP-44228,Laboral,2,J-005,79.3,0,105
EXP-70751,Laboral,4,J-005,82.39,0,165
EXP-69579,Familiar,4,J-004,40.26,1,66
EXP-53790,Laboral,2,J-004,63.26,0,119
EXP-47651,Penal,5,J-001,35.46,0,144
EXP-20914,Penal,3,J-003,53.03,1,54
EXP-20981,Laboral,3,J-005,93.7,0,153
EXP-99915,Laboral,5,J-005,11.08,0,128
EXP-47976,Laboral,1,J-001,45.66,1,13
EXP-39830,Laboral,3,J-002,90.01,0,128
EXP-28270,Familiar,3,J-002,89.14,1,81
EXP-60223,Familiar,1,J-005,29.17,0,59
EXP-24389,Penal,1,J-002,36.34,0,72
EXP-98193,Laboral,2,J-003,61.22,0,94
EXP-65745,Penal,1,J-001,19.22,0,86
EXP-25539,Penal,4,J-004,29.64,0,129
EXP-68272,Penal,5,J-005,24.41,1,88
EXP-95783,Laboral,1,J-001,35.91,1,8
EXP-11775,Penal,2,J-001,91.05,0,119
EXP-82664,Penal,5,J-002,66.75,0,152
EXP-42871,Penal,3,J-005,92.49,1,85
EXP-77295,Penal,4,J-004,91.29,0,172
EXP-21914,Penal,5,J-003,22.71,1,89
EXP-22058,Laboral,1,J-003,39.01,0,93
EXP-10281,Penal,4,J-003,42.15,1,70
EXP-23245,Penal,4,J-002,64.77,0,119
EXP-88153,Laboral,4,J-003,12.31,0,118
EXP-13815,Familiar,4,J-002,31.82,1,63
EXP-25640,Penal,1,J-005,66.28,1,28
EXP-96979,Penal,3,J-004,36.28,0,110
EXP-63183,Laboral,3,J-003,49.84,0,109
EXP-68591,Familiar,3,J-005,45.59,0,115
EXP-29157,Familiar,4,J-004,48.98,1,61
EXP-27862,Laboral,2,J-003,20.86,0,106
EXP-25833,Laboral,3,J-004,92.21,0,119
EXP-62481,Laboral,5,J-003,27.66,0,134
EXP-63362,Familiar,3,J-002,90.37,1,90
EXP-30850,Penal,1,J-002,40.9,0,78
EXP-21788,Laboral,1,J-005,44.29,0,71
EXP-32995,Laboral,5,J-005,24.24,0,145
EXP-19250,Penal,3,J-003,30.63,1,59
EXP-97759,Laboral,4,J-002,58.29,0,139
EXP-22291,Familiar,5,J-003,37.02,0,140
EXP-24687,Penal,3,J-005,28.35,1,49
EXP-95033,Laboral,3,J-003,36.32,0,104
EXP-25704,Familiar,4,J-003,74.48,0,135
EXP-15177,Laboral,4,J-001,36.21,1,64
EXP-15076,Penal,3,J-002,61.67,0,115
EXP-29513,Familiar,5,J-004,52.69,1,74
EXP-28934,Laboral,1,J-005,42.34,0,78
EXP-33600,Familiar,4,J-005,28.97,0,135
EXP-31651,Laboral,4,J-004,76.69,0,156
EXP-18386,Familiar,5,J-004,17.54,1,82
EXP-86763,Familiar,3,J-002,68.06,1,47
EXP-83490,Penal,4,J-005,28.07,1,60
EXP-26492,Penal,3,J-005,52.78,1,53
EXP-57698,Penal,4,J-003,36.73,1,71
EXP-93280,Laboral,2,J-003,52.55,0,98
EXP-66572,Penal,1,J-002,92.77,0,107
EXP-74908,Familiar,1,J-002,87.12,1,65
EXP-69585,Familiar,3,J-001,24.8,0,118
EXP-92074,Familiar,4,J-001,62.05,0,109
EXP-51921,Laboral,3,J-001,77.81,1,62
EXP-20385,Penal,4,J-003,77.43,1,88
EXP-44988,Familiar,3,J-004,78.72,1,80
EXP-79406,Familiar,1,J-004,33.9,1,26
EXP-92476,Penal,1,J-003,63.47,1,10
EXP-23798,Familiar,4,J-001,63.5,0,124
EXP-64345,Familiar,3,J-002,17.36,1,44
EXP-81090,Laboral,4,J-004,90.06,0,146
EXP-42513,Laboral,5,J-003,80.47,0,154
EXP-60808,Laboral,4,J-004,21.43,0,127
EXP-74778,Penal,3,J-003,58.59,1,47
EXP-45805,Penal,4,J-003,25.7,1,74
EXP-80876,Penal,3,J-004,36.76,0,105
EXP-77251,Familiar,3,J-004,15.11,1,46
EXP-47676,Penal,2,J-002,49.85,0,95
EXP-64521,Penal,1,J-003,75.24,1,37
EXP-53392,Familiar,5,J-005,71.35,0,138
EXP-85757,Penal,5,J-002,82.83,0,165
EXP-86759,Laboral,4,J-004,27.76,0,117
EXP-65277,Penal,2,J-001,91.47,0,98
EXP-92645,Familiar,2,J-005,74.25,0,101
EXP-42584,Familiar,5,J-004,10.06,1,75
EXP-67110,Laboral,3,J-003,37.62,0,119
EXP-83567,Familiar,1,J-002,10.35,1,14
EXP-64509,Familiar,3,J-003,13.96,0,86
EXP-89064,Familiar,3,J-005,39.14,0,127
EXP-67141,Familiar,2,J-003,45.79,0,93
EXP-10518,Familiar,3,J-001,51.3,0,119
EXP-31836,Laboral,2,J-002,90.14,0,133
EXP-14281,Laboral,4,J-005,83.12,0,170
EXP-73410,Laboral,3,J-002,73.43,0,94
EXP-50984,Laboral,1,J-005,60.76,0,73
EXP-97249,Penal,5,J-002,65.58,0,138
EXP-65186,Familiar,3,J-004,37.14,1,59
EXP-52234,Laboral,4,J-001,50.29,1,63
EXP-40345,Familiar,5,J-005,78.77,0,166
EXP-85905,Familiar,5,J-003,47.55,0,122
EXP-47922,Penal,4,J-002,32.82,0,113
EXP-45181,Penal,5,J-001,58.85,0,153
EXP-34819,Penal,3,J-004,32.47,0,106
EXP-30889,Familiar,2,J-005,71.48,0,91
EXP-76238,Laboral,1,J-001,16.11,1,27
EXP-35067,Familiar,4,J-003,89.6,0,168
EXP-64266,Penal,1,J-003,39.78,1,5
EXP-71714,Familiar,5,J-004,21.93,1,72
EXP-77638,Laboral,5,J-001,70.16,1,69
EXP-64458,Laboral,4,J-003,73.47,0,107
EXP-61452,Familiar,2,J-005,67.96,0,87
EXP-48130,Familiar,1,J-004,92.49,1,60
EXP-65897,Penal,1,J-002,61.13,0,63
EXP-71649,Laboral,4,J-005,26.74,0,147
EXP-94280,Familiar,2,J-001,29.02,0,111
EXP-26372,Penal,2,J-004,16.66,0,89
EXP-44872,Laboral,4,J-002,94.96,0,143
EXP-29707,Penal,3,J-003,94.95,1,77
EXP-86898,Familiar,5,J-004,16.29,1,78
EXP-59577,Penal,4,J-005,19.61,1,71
EXP-40849,Laboral,1,J-001,30.76,1,20
EXP-35755,Familiar,1,J-002,53.07,1,19
EXP-21923,Familiar,1,J-005,73.19,0,58
EXP-67907,Familiar,3,J-005,44.23,0,95
EXP-91502,Penal,1,J-005,44.82,1,16
EXP-24011,Familiar,3,J-005,45.58,0,110
EXP-52566,Penal,3,J-004,75.93,0,139
EXP-96913,Penal,5,J-005,30.13,1,66
EXP-61589,Laboral,4,J-002,44.33,0,130
EXP-29876,Familiar,5,J-005,58.94,0,138
EXP-97602,Familiar,4,J-005,83.65,0,162
EXP-30271,Laboral,4,J-003,74.74,0,125
EXP-84222,Familiar,1,J-001,57.49,0,91
EXP-32990,Familiar,4,J-005,90.07,0,158
EXP-67666,Laboral,2,J-004,45.91,0,102
EXP-79566,Laboral,3,J-001,93.79,1,60
EXP-37724,Laboral,1,J-001,17.83,1,9
EXP-35299,Familiar,4,J-005,46.54,0,111
EXP-73676,Familiar,3,J-005,47.88,0,94
EXP-56599,Familiar,4,J-002,66.35,1,53
EXP-18068,Laboral,4,J-001,56.43,1,64
EXP-39714,Penal,2,J-004,47.5,0,97
EXP-75227,Laboral,1,J-004,11.23,0,68
EXP-88912,Penal,3,J-005,78.88,1,87
EXP-83744,Familiar,2,J-004,35.68,1,31
EXP-67622,Familiar,2,J-001,69.19,0,82
EXP-41379,Penal,1,J-003,92.92,1,49
EXP-69676,Familiar,2,J-005,46.07,0,99
EXP-84781,Penal,5,J-005,57.0,1,92
EXP-40366,Laboral,4,J-003,91.28,0,132
EXP-19881,Penal,3,J-003,94.49,1,74
EXP-98515,Laboral,3,J-004,75.26,0,132
EXP-32865,Familiar,4,J-002,68.23,1,65
EXP-50872,Laboral,2,J-001,15.3,1,31
EXP-14435,Laboral,5,J-002,85.48,0,194
EXP-24579,Laboral,4,J-003,73.29,0,131
EXP-78551,Familiar,2,J-002,54.12,1,27
EXP-18951,Laboral,2,J-005,88.85,0,128
EXP-43413,Laboral,5,J-005,20.3,0,162
EXP-78065,Penal,2,J-002,88.88,0,121
EXP-80263,Penal,4,J-004,79.92,0,149
EXP-22647,Laboral,1,J-002,49.52,0,100
EXP-82919,Laboral,5,J-003,24.07,0,129
EXP-55088,Laboral,1,J-005,70.11,0,81
EXP-42873,Penal,5,J-003,23.34,1,76
EXP-17635,Laboral,5,J-001,82.29,1,94
EXP-74740,Penal,1,J-002,14.76,0,68
EXP-98380,Laboral,1,J-002,79.43,0,137
EXP-90108,Familiar,5,J-002,44.3,1,69
EXP-26232,Familiar,4,J-004,51.54,1,46
EXP-10287,Laboral,1,J-003,46.54,0,72
EXP-97040,Laboral,1,J-002,62.39,0,60
EXP-25526,Familiar,5,J-003,77.94,0,160
EXP-88939,Laboral,5,J-005,16.6,0,137
EXP-80439,Familiar,4,J-004,41.43,1,55
EXP-97581,Penal,2,J-004,72.72,0,98
EXP-39649,Laboral,2,J-004,78.35,0,154
EXP-84313,Penal,3,J-001,88.15,0,156
EXP-92776,Laboral,4,J-003,80.36,0,160
EXP-73259,Laboral,5,J-001,94.02,1,101
EXP-13807,Laboral,2,J-005,44.85,0,99
EXP-59782,Laboral,4,J-004,52.85,0,142
EXP-75363,Penal,5,J-004,31.62,0,139
EXP-21288,Familiar,5,J-001,36.38,0,155
EXP-50574,Laboral,1,J-001,22.49,1,16
EXP-25138,Penal,4,J-002,68.74,0,127
EXP-94612,Laboral,3,J-003,79.69,0,150
EXP-31883,Laboral,5,J-002,89.12,0,175
EXP-41696,Penal,2,J-005,17.07,1,30
EXP-92347,Familiar,4,J-004,82.68,1,86
EXP-77750,Penal,4,J-002,72.2,0,115
EXP-30072,Penal,1,J-004,71.11,0,83
EXP-85567,Laboral,3,J-005,81.54,0,142
EXP-41563,Laboral,4,J-005,34.17,0,120
EXP-44974,Penal,3,J-003,15.29,1,51
EXP-71700,Laboral,5,J-004,40.31,0,130
EXP-48358,Laboral,5,J-003,34.53,0,159
EXP-69320,Penal,5,J-005,39.82,1,87
EXP-84017,Familiar,3,J-002,35.84,1,55
EXP-20612,Familiar,1,J-001,70.67,0,72
EXP-52575,Familiar,5,J-005,81.25,0,154
EXP-30828,Familiar,5,J-005,73.72,0,147
EXP-79916,Laboral,2,J-004,78.49,0,117
EXP-92650,Laboral,3,J-005,15.02,0,108
EXP-56142,Familiar,3,J-005,83.77,0,131
EXP-93905,Penal,3,J-005,35.9,1,44
EXP-10719,Laboral,2,J-002,89.19,0,108
EXP-69993,Laboral,1,J-004,47.91,0,95
EXP-24763,Penal,5,J-005,59.19,1,87
EXP-10449,Laboral,4,J-002,39.77,0,116
EXP-95067,Familiar,3,J-004,40.42,1,61
EXP-37350,Penal,1,J-001,10.07,0,66
EXP-59188,Familiar,1,J-004,79.5,1,38
EXP-42919,Penal,3,J-003,33.33,1,46
EXP-13959,Familiar,5,J-004,43.22,1,82
EXP-57021,Laboral,5,J-001,20.62,1,88
EXP-80756,Familiar,2,J-003,37.91,0,110
EXP-18617,Penal,3,J-001,43.44,0,120
EXP-76144,Laboral,2,J-005,27.59,0,88
EXP-88099,Penal,3,J-002,14.18,0,108
EXP-14291,Penal,3,J-002,48.67,0,125
EXP-77165,Laboral,2,J-005,75.93,0,143
EXP-68059,Penal,5,J-003,22.3,1,69
EXP-36036,Laboral,5,J-003,33.77,0,146
EXP-79141,Familiar,4,J-003,19.75,0,117
EXP-13973,Familiar,5,J-004,51.29,1,72
EXP-21794,Penal,5,J-005,53.21,1,73
EXP-10821,Laboral,5,J-002,46.05,0,152
EXP-24322,Penal,3,J-005,16.62,1,46
EXP-60987,Familiar,5,J-001,83.29,0,174
EXP-69737,Laboral,2,J-001,62.01,1,29
EXP-89981,Laboral,4,J-001,30.46,1,79
EXP-51569,Laboral,3,J-002,80.08,0,145
EXP-33277,Familiar,3,J-001,12.93,0,113
EXP-79568,Penal,1,J-001,33.74,0,72
EXP-73760,Laboral,2,J-004,59.97,0,80
EXP-27499,Familiar,4,J-004,27.54,1,56
EXP-18381,Penal,3,J-003,40.49,1,36
EXP-96632,Laboral,5,J-005,71.76,0,151
EXP-70366,Laboral,3,J-001,62.36,1,36
EXP-57493,Penal,4,J-001,43.99,0,136
EXP-54959,Familiar,2,J-001,29.43,0,89
EXP-80035,Laboral,3,J-003,40.89,0,119
EXP-54027,Penal,3,J-001,74.79,0,89
EXP-67435,Laboral,3,J-003,18.5,0,111
EXP-44699,Familiar,4,J-003,72.55,0,121
EXP-41188,Laboral,5,J-004,32.77,0,128
EXP-27475,Penal,4,J-005,89.14,1,108
EXP-21151,Laboral,3,J-003,18.08,0,125
EXP-36099,Laboral,3,J-001,35.93,1,50
EXP-19470,Penal,5,J-001,45.13,0,154
EXP-75897,Laboral,1,J-004,29.68,0,75
EXP-36421,Laboral,5,J-002,14.79,0,155
EXP-76156,Familiar,3,J-003,67.42,0,129
EXP-27735,Penal,4,J-004,67.97,0,129
EXP-43018,Penal,3,J-003,63.3,1,36
EXP-70936,Familiar,2,J-003,10.99,0,101
EXP-55543,Familiar,1,J-002,33.85,1,17
EXP-67972,Penal,4,J-001,43.2,0,112
EXP-46300,Laboral,4,J-004,69.66,0,128
EXP-40998,Familiar,1,J-004,56.49,1,22
EXP-27458,Laboral,3,J-002,63.52,0,113
EXP-34395,Familiar,2,J-005,35.13,0,106
EXP-96168,Laboral,1,J-004,90.63,0,110
EXP-36463,Penal,4,J-002,24.37,0,133
EXP-38687,Laboral,2,J-005,80.53,0,129
EXP-85045,Familiar,4,J-004,59.3,1,68
EXP-35820,Penal,3,J-001,55.61,0,96
EXP-55859,Penal,5,J-004,83.75,0,153
EXP-69867,Penal,5,J-005,25.32,1,72
EXP-32282,Penal,5,J-001,29.78,0,152
EXP-76418,Laboral,4,J-004,32.64,0,115
EXP-42668,Laboral,4,J-002,69.22,0,114
EXP-95604,Laboral,3,J-002,32.12,0,104
EXP-11084,Penal,2,J-002,57.67,0,92
EXP-32650,Penal,2,J-005,89.88,1,68
EXP-27577,Penal,2,J-004,85.59,0,119
EXP-64404,Familiar,1,J-001,65.29,0,96
EXP-15601,Laboral,2,J-001,14.15,1,36
EXP-60174,Laboral,4,J-004,12.2,0,126
EXP-47893,Laboral,2,J-002,57.63,0,109
EXP-11935,Familiar,2,J-005,70.23,0,87
EXP-56491,Laboral,3,J-001,62.32,1,53
EXP-78118,Laboral,5,J-003,18.64,0,123
EXP-67053,Penal,3,J-004,51.41,0,114
EXP-76575,Laboral,5,J-001,86.97,1,104
EXP-93590,Laboral,1,J-002,38.04,0,93
EXP-71284,Laboral,2,J-004,18.2,0,98
EXP-47359,Familiar,4,J-003,49.48,0,128
EXP-79220,Familiar,5,J-005,82.19,0,181
EXP-76205,Laboral,1,J-002,84.85,0,111
EXP-44093,Laboral,1,J-004,37.47,0,93
EXP-40246,Laboral,4,J-003,49.86,0,135
EXP-66368,Familiar,3,J-001,67.77,0,117
EXP-89104,Familiar,3,J-005,68.51,0,134
EXP-24833,Laboral,3,J-005,45.24,0,118
EXP-75474,Penal,4,J-002,28.93,0,144
EXP-44700,Laboral,3,J-001,63.74,1,54
EXP-29242,Penal,1,J-001,92.72,0,120
EXP-32249,Penal,1,J-004,34.41,0,84
EXP-26319,Penal,5,J-005,13.22,1,83
EXP-95949,Laboral,2,J-004,90.1,0,139
EXP-56735,Familiar,3,J-004,34.03,1,37
EXP-64416,Laboral,2,J-002,26.55,0,115
EXP-53298,Laboral,5,J-004,68.46,0,135
EXP-25457,Familiar,4,J-005,62.33,0,130
EXP-17276,Laboral,1,J-004,86.81,0,127
EXP-83241,Familiar,2,J-002,50.9,1,26
EXP-71047,Laboral,5,J-003,15.11,0,157
EXP-25580,Penal,2,J-003,46.43,1,22
EXP-60129,Laboral,1,J-005,17.59,0,89
EXP-75041,Familiar,1,J-003,22.98,0,94
EXP-45816,Penal,3,J-004,61.27,0,104
EXP-58780,Familiar,3,J-004,28.67,1,45
EXP-38152,Laboral,1,J-003,80.58,0,118
EXP-29370,Familiar,2,J-002,70.9,1,39
EXP-22925,Laboral,2,J-001,39.42,1,31
EXP-27858,Laboral,5,J-003,43.19,0,140
EXP-26496,Penal,4,J-004,81.8,0,178
EXP-58949,Laboral,5,J-001,29.78,1,73
EXP-91559,Familiar,4,J-005,19.61,0,139
EXP-78856,Penal,1,J-004,46.1,0,71
EXP-70271,Familiar,1,J-004,87.09,1,46
EXP-49932,Familiar,3,J-001,51.68,0,121
EXP-39045,Penal,2,J-005,51.37,1,40
EXP-84357,Laboral,4,J-002,68.25,0,126
EXP-59100,Penal,1,J-005,24.04,1,19
EXP-70149,Laboral,5,J-001,37.96,1,86
EXP-54087,Laboral,3,J-002,24.32,0,92
EXP-71520,Penal,1,J-005,25.4,1,32
EXP-35486,Laboral,1,J-001,33.74,1,11
EXP-69861,Penal,5,J-003,87.47,1,104
EXP-49098,Laboral,3,J-005,91.72,0,155
EXP-29672,Laboral,4,J-004,69.87,0,124
EXP-45353,Laboral,4,J-005,26.76,0,144
EXP-32493,Laboral,2,J-003,82.34,0,131
EXP-95686,Penal,5,J-002,14.52,0,130
EXP-44413,Familiar,1,J-001,28.54,0,81
EXP-63324,Penal,4,J-002,32.3,0,133
EXP-40149,Familiar,2,J-001,83.81,0,149
EXP-86155,Laboral,3,J-005,27.34,0,93
EXP-35023,Penal,3,J-005,59.58,1,34
EXP-74684,Penal,1,J-005,51.1,1,18
EXP-30267,Familiar,1,J-001,85.26,0,120
EXP-72662,Familiar,1,J-002,61.79,1,12
EXP-10094,Laboral,3,J-001,38.25,1,46
EXP-15455,Penal,1,J-005,22.11,1,19
EXP-27476,Familiar,2,J-004,60.47,1,32
EXP-98770,Familiar,4,J-001,72.06,0,122
EXP-80995,Familiar,1,J-003,93.69,0,91
EXP-90171,Familiar,1,J-003,83.56,0,133
EXP-14610,Familiar,5,J-002,82.68,1,114
EXP-25137,Penal,4,J-004,30.56,0,146
EXP-15127,Laboral,5,J-002,33.13,0,134
EXP-77703,Laboral,2,J-003,50.33,0,72
EXP-16884,Familiar,1,J-005,57.64,0,59
EXP-48300,Laboral,4,J-004,47.94,0,119
EXP-82348,Laboral,5,J-002,40.04,0,130
EXP-85875,Penal,1,J-001,83.53,0,111
EXP-23418,Penal,5,J-004,40.58,0,137
EXP-74820,Laboral,4,J-002,86.09,0,160
EXP-82324,Familiar,4,J-001,15.0,0,116
EXP-10724,Laboral,1,J-001,35.46,1,11
EXP-30949,Penal,3,J-005,19.18,1,40
EXP-20957,Familiar,3,J-002,64.92,1,56
EXP-97240,Penal,4,J-005,35.11,1,64
EXP-53624,Penal,2,J-003,93.1,1,77
EXP-20949,Familiar,2,J-002,25.25,1,34
EXP-46747,Penal,4,J-001,88.71,0,177
EXP-82587,Penal,4,J-001,37.54,0,129
EXP-72066,Familiar,3,J-002,56.94,1,45
EXP-14030,Penal,5,J-004,90.65,0,170
EXP-88815,Familiar,4,J-001,43.53,0,135
EXP-88104,Penal,5,J-005,88.82,1,124
EXP-45339,Penal,2,J-001,74.42,0,95
EXP-18522,Laboral,3,J-004,79.84,0,138
EXP-18143,Laboral,2,J-001,60.41,1,24
EXP-59929,Familiar,5,J-002,71.15,1,76
EXP-20739,Familiar,1,J-003,63.01,0,67
EXP-41075,Penal,4,J-002,71.64,0,112
EXP-76643,Laboral,2,J-005,91.06,0,126
EXP-37278,Penal,1,J-004,91.96,0,86
EXP-98476,Familiar,2,J-001,54.48,0,102
EXP-54557,Familiar,4,J-003,56.13,0,142
EXP-97390,Penal,5,J-001,22.58,0,140
EXP-47146,Familiar,5,J-005,24.19,0,143
EXP-55523,Laboral,4,J-002,21.69,0,120
EXP-60265,Penal,1,J-004,63.45,0,86
EXP-32201,Familiar,5,J-003,81.4,0,165
EXP-91152,Laboral,5,J-005,70.07,0,125
EXP-27342,Familiar,1,J-001,87.81,0,125
EXP-22127,Laboral,3,J-004,71.07,0,95
EXP-70719,Laboral,2,J-002,80.88,0,123
EXP-60782,Laboral,3,J-001,89.47,1,87
EXP-52009,Penal,2,J-002,74.14,0,104
EXP-96160,Laboral,2,J-004,59.57,0,91
EXP-68696,Familiar,4,J-002,14.19,1,71
EXP-78451,Penal,4,J-004,72.2,0,142
EXP-30686,Penal,3,J-005,17.31,1,39
EXP-12763,Penal,2,J-001,15.4,0,108
EXP-60781,Penal,5,J-004,57.88,0,147
EXP-42371,Familiar,1,J-001,29.13,0,69
EXP-56700,Laboral,4,J-004,69.02,0,131
EXP-72555,Familiar,2,J-001,72.09,0,102
EXP-28172,Penal,1,J-004,40.43,0,82
EXP-72661,Laboral,2,J-003,29.0,0,88
EXP-68910,Laboral,5,J-005,54.62,0,140
EXP-72832,Laboral,1,J-002,83.54,0,86
EXP-45647,Laboral,2,J-001,34.22,1,33
EXP-15441,Penal,1,J-004,73.79,0,84
EXP-87088,Familiar,1,J-001,81.06,0,95
EXP-30258,Laboral,1,J-003,37.1,0,57
EXP-86842,Laboral,4,J-005,16.79,0,119
EXP-86067,Laboral,2,J-003,86.27,0,124
EXP-64667,Laboral,3,J-001,44.19,1,40
EXP-58469,Familiar,4,J-003,55.82,0,118
EXP-83384,Penal,1,J-004,19.39,0,73
EXP-94134,Familiar,2,J-003,17.26,0,100
EXP-41664,Familiar,4,J-005,69.18,0,139
EXP-97963,Familiar,5,J-004,66.76,1,72
EXP-59596,Penal,1,J-004,69.61,0,93
EXP-68949,Laboral,4,J-001,53.65,1,75
EXP-40230,Laboral,3,J-001,81.12,1,85
EXP-87711,Penal,5,J-002,75.18,0,194
EXP-61373,Laboral,4,J-002,64.62,0,130
EXP-72622,Laboral,1,J-005,36.88,0,80
EXP-57939,Penal,4,J-005,45.13,1,57
EXP-61952,Penal,1,J-004,75.6,0,127
EXP-72541,Laboral,1,J-004,69.22,0,88
EXP-90414,Laboral,1,J-005,19.31,0,74
EXP-80472,Familiar,3,J-001,64.77,0,112
EXP-31244,Familiar,5,J-004,70.31,1,75
EXP-72259,Penal,4,J-003,92.52,1,101
EXP-75534,Laboral,3,J-003,90.72,0,150
EXP-47986,Laboral,4,J-004,28.6,0,118
EXP-44374,Penal,1,J-005,35.96,1,9
EXP-38676,Penal,4,J-001,19.76,0,130
EXP-15611,Laboral,3,J-002,88.31,0,140
EXP-19128,Familiar,5,J-004,58.89,1,72
EXP-74950,Penal,5,J-005,77.26,1,100
EXP-17581,Familiar,5,J-004,41.81,1,85
EXP-55787,Laboral,1,J-004,38.17,0,62
EXP-29105,Penal,4,J-003,63.05,1,65
EXP-26706,Familiar,2,J-005,18.26,0,97
EXP-39760,Laboral,1,J-003,17.87,0,97
EXP-36980,Familiar,1,J-004,70.67,1,24
EXP-69048,Laboral,5,J-004,15.96,0,149
EXP-30764,Laboral,5,J-004,60.47,0,133
EXP-74929,Laboral,1,J-001,53.58,1,20
EXP-82131,Penal,2,J-003,43.75,1,28
EXP-31238,Penal,5,J-001,32.46,0,130
EXP-96922,Laboral,3,J-005,83.35,0,143
EXP-50590,Familiar,2,J-005,77.57,0,151
EXP-40433,Familiar,3,J-003,93.56,0,149
EXP-94452,Penal,4,J-005,38.65,1,56
EXP-26673,Familiar,4,J-005,93.82,0,151
EXP-82488,Laboral,3,J-002,28.66,0,118
EXP-92910,Penal,4,J-002,17.33,0,117
EXP-70225,Penal,4,J-001,69.89,0,117
EXP-76277,Penal,5,J-003,87.68,1,86
EXP-54129,Laboral,2,J-002,62.86,0,112
EXP-29332,Penal,2,J-002,64.82,0,95
EXP-65193,Familiar,4,J-001,94.93,0,165
EXP-16250,Familiar,1,J-002,30.25,1,15
EXP-86462,Familiar,3,J-002,76.47,1,74
EXP-56903,Familiar,5,J-002,21.69,1,75
EXP-28603,Familiar,4,J-005,64.13,0,132
EXP-67707,Familiar,3,J-003,54.11,0,113
EXP-38439,Familiar,3,J-005,26.07,0,121
EXP-59402,Laboral,5,J-002,82.65,0,191
EXP-59907,Penal,3,J-003,34.82,1,59
EXP-24220,Laboral,4,J-004,48.45,0,126
EXP-66043,Penal,3,J-002,73.42,0,130
EXP-62452,Laboral,2,J-005,18.01,0,91
EXP-90664,Laboral,1,J-004,89.94,0,122
EXP-65032,Familiar,5,J-002,13.91,1,82
EXP-91519,Laboral,1,J-003,71.93,0,78
EXP-68100,Laboral,3,J-002,70.94,0,118
EXP-82940,Penal,3,J-005,21.75,1,62
EXP-10044,Laboral,1,J-002,18.2,0,91
EXP-26567,Penal,5,J-001,57.91,0,123
EXP-69053,Laboral,3,J-003,37.06,0,125
EXP-27274,Laboral,5,J-004,20.52,0,144
EXP-95377,Penal,3,J-002,91.74,0,128
EXP-34543,Familiar,2,J-005,32.56,0,79
EXP-71266,Familiar,2,J-005,51.82,0,93
EXP-18236,Penal,2,J-004,11.16,0,93
EXP-27305,Penal,5,J-002,37.78,0,129
EXP-26037,Penal,2,J-002,81.36,0,135
EXP-69741,Penal,4,J-004,58.7,0,128
EXP-54271,Familiar,3,J-004,58.6,1,36
EXP-28759,Laboral,1,J-004,30.78,0,95
EXP-39392,Penal,3,J-004,77.73,0,130
EXP-32856,Familiar,4,J-003,74.87,0,104
EXP-42700,Penal,4,J-001,20.37,0,109
EXP-25135,Familiar,4,J-005,66.99,0,138
EXP-73254,Familiar,1,J-002,59.76,1,27
EXP-92182,Familiar,4,J-005,64.16,0,114
EXP-90487,Penal,1,J-002,12.54,0,68
EXP-86663,Laboral,4,J-005,59.08,0,128
EXP-36623,Penal,3,J-005,54.09,1,59
EXP-40623,Laboral,3,J-001,21.81,1,54
EXP-29017,Penal,4,J-005,31.28,1,61
EXP-15019,Familiar,5,J-004,82.82,1,102
EXP-57670,Laboral,5,J-005,41.47,0,128
EXP-98872,Familiar,4,J-003,57.96,0,122
EXP-37455,Laboral,5,J-002,50.01,0,137
EXP-44441,Laboral,5,J-004,38.09,0,149
EXP-58689,Laboral,5,J-005,93.66,0,172
EXP-45722,Familiar,3,J-005,38.62,0,97
EXP-55489,Laboral,5,J-004,18.26,0,124
EXP-13190,Laboral,2,J-002,45.89,0,74
EXP-23426,Laboral,1,J-003,31.74,0,99
EXP-43455,Penal,1,J-005,45.81,1,11
EXP-75270,Familiar,5,J-004,41.26,1,87
EXP-23970,Laboral,5,J-004,16.62,0,130
EXP-75074,Penal,1,J-004,60.51,0,67
EXP-31529,Familiar,5,J-001,65.27,0,157
EXP-96812,Familiar,2,J-005,45.95,0,106
EXP-87239,Familiar,5,J-002,30.98,1,68
EXP-54865,Laboral,2,J-005,27.68,0,95
EXP-73431,Penal,3,J-005,66.01,1,54
EXP-20095,Penal,4,J-005,63.21,1,62
EXP-81851,Penal,1,J-002,53.95,0,99
EXP-86682,Penal,2,J-002,70.48,0,85
EXP-52158,Laboral,1,J-002,35.47,0,81
EXP-39465,Laboral,4,J-004,50.51,0,121
EXP-64387,Familiar,1,J-005,21.14,0,75
EXP-21651,Penal,4,J-003,11.11,1,78
EXP-95034,Penal,1,J-001,71.1,0,79
EXP-73576,Penal,2,J-005,35.79,1,33
EXP-66554,Familiar,2,J-005,21.15,0,79
EXP-48715,Laboral,3,J-004,30.8,0,128
EXP-92922,Laboral,3,J-005,93.28,0,144
EXP-11131,Penal,2,J-001,69.89,0,98
EXP-15344,Laboral,4,J-001,85.13,1,83
EXP-78669,Familiar,4,J-005,62.03,0,112
EXP-57568,Laboral,2,J-001,44.8,1,23
EXP-45790,Laboral,1,J-004,52.8,0,100
EXP-20132,Penal,1,J-004,62.39,0,99
EXP-10360,Familiar,5,J-003,58.65,0,130
EXP-11405,Laboral,4,J-005,28.02,0,132
EXP-64252,Penal,3,J-001,88.48,0,128
EXP-43395,Familiar,2,J-004,10.53,1,30
EXP-34857,Familiar,4,J-003,88.78,0,131
EXP-51933,Laboral,2,J-004,92.98,0,117
EXP-75484,Laboral,1,J-005,30.63,0,77
EXP-69298,Laboral,1,J-005,73.47,0,95
EXP-79233,Penal,1,J-001,46.33,0,79
EXP-24737,Familiar,5,J-002,92.72,1,110
EXP-66604,Familiar,3,J-001,58.7,0,100
EXP-77481,Laboral,3,J-004,39.39,0,85
EXP-45299,Familiar,5,J-002,39.44,1,85
EXP-30009,Laboral,5,J-005,66.7,0,165
EXP-16354,Familiar,3,J-001,23.32,0,104
EXP-76773,Laboral,1,J-002,84.43,0,118
EXP-52299,Familiar,4,J-003,44.43,0,126
EXP-48465,Familiar,2,J-003,48.3,0,117
EXP-87491,Penal,5,J-002,62.42,0,140
EXP-87111,Familiar,2,J-002,50.0,1,30
EXP-88508,Penal,5,J-003,10.95,1,84
EXP-43281,Penal,2,J-001,37.97,0,95
EXP-85193,Laboral,3,J-002,51.25,0,116
EXP-87494,Laboral,1,J-004,41.62,0,79
EXP-43093,Familiar,2,J-004,11.6,1,34
EXP-95133,Penal,1,J-003,89.44,1,37
EXP-56494,Penal,1,J-005,62.7,1,21
EXP-64192,Laboral,3,J-001,92.86,1,76
EXP-13231,Laboral,2,J-002,54.25,0,107
EXP-86884,Penal,5,J-004,38.5,0,129
EXP-65754,Penal,2,J-003,82.79,1,41
EXP-32515,Familiar,2,J-005,35.08,0,93
EXP-85056,Penal,4,J-003,14.32,1,53
EXP-83066,Familiar,3,J-005,74.16,0,125
EXP-70947,Familiar,2,J-004,12.35,1,32
EXP-95394,Laboral,1,J-003,17.37,0,99
EXP-95916,Penal,2,J-005,35.61,1,29
EXP-76725,Laboral,4,J-001,88.81,1,101
EXP-22771,Laboral,2,J-003,15.23,0,92
EXP-42151,Familiar,2,J-004,72.91,1,27
EXP-18310,Penal,1,J-002,65.73,0,96
EXP-60018,Familiar,2,J-004,56.79,1,37
EXP-98890,Penal,4,J-004,43.73,0,123
EXP-32158,Penal,2,J-001,86.42,0,128
EXP-68130,Penal,1,J-003,80.39,1,45
EXP-41573,Familiar,2,J-002,82.6,1,60
EXP-91514,Familiar,5,J-003,13.15,0,121
EXP-32008,Familiar,3,J-003,19.77,0,117
EXP-31662,Laboral,1,J-003,23.53,0,61
EXP-35904,Penal,2,J-001,59.71,0,102
EXP-55038,Laboral,3,J-002,51.63,0,110
EXP-19758,Familiar,3,J-002,93.19,1,87
EXP-32299,Penal,4,J-001,94.19,0,171
EXP-74529,Laboral,3,J-003,20.83,0,130
EXP-55218,Familiar,4,J-003,10.93,0,120
EXP-52596,Penal,4,J-001,70.96,0,133
EXP-32735,Penal,3,J-002,93.97,0,145
EXP-86727,Familiar,1,J-003,70.73,0,93
EXP-27812,Penal,4,J-003,66.87,1,65
EXP-80449,Penal,1,J-003,49.2,1,16
EXP-74866,Familiar,5,J-001,52.71,0,149
EXP-79692,Laboral,2,J-005,30.2,0,103
EXP-27223,Penal,5,J-001,76.19,0,172
EXP-45187,Familiar,4,J-001,55.85,0,134
EXP-40332,Penal,4,J-002,10.99,0,133
EXP-43211,Penal,4,J-002,86.36,0,163
EXP-36859,Laboral,3,J-004,89.6,0,128
EXP-62017,Penal,5,J-003,28.58,1,79
EXP-25360,Laboral,5,J-005,70.45,0,139
EXP-63062,Familiar,5,J-001,82.33,0,182
EXP-66440,Familiar,5,J-002,19.63,1,74
EXP-39911,Penal,5,J-003,75.89,1,98
EXP-12950,Laboral,5,J-003,60.75,0,156
EXP-95830,Penal,3,J-004,82.68,0,138
EXP-12228,Penal,2,J-004,27.67,0,94
EXP-68787,Familiar,2,J-004,46.23,1,29
EXP-50924,Penal,3,J-003,51.62,1,49
EXP-79471,Penal,1,J-001,79.51,0,106
EXP-26896,Familiar,5,J-005,40.11,0,133
EXP-19079,Familiar,4,J-003,91.93,0,171
EXP-55729,Laboral,3,J-003,51.66,0,114
EXP-38870,Penal,2,J-004,40.22,0,89
EXP-52228,Familiar,1,J-004,60.52,1,20
EXP-60361,Penal,3,J-002,40.86,0,123
EXP-47445,Familiar,2,J-001,57.17,0,79
EXP-11465,Familiar,5,J-004,38.4,1,73
EXP-77954,Familiar,1,J-003,39.96,0,60
EXP-56243,Laboral,5,J-001,23.16,1,66
EXP-60039,Penal,5,J-004,42.15,0,144
EXP-95477,Laboral,1,J-001,91.74,1,36
EXP-70534,Laboral,2,J-001,14.2,1,28
EXP-68269,Familiar,1,J-004,80.36,1,45
EXP-68692,Familiar,5,J-005,19.97,0,159
EXP-94534,Penal,5,J-001,40.62,0,131
EXP-55142,Familiar,2,J-005,67.04,0,97
EXP-88615,Laboral,1,J-004,15.71,0,82
EXP-76905,Penal,1,J-002,24.61,0,85
EXP-66320,Penal,5,J-005,68.56,1,84
EXP-33954,Familiar,1,J-004,32.12,1,12
EXP-44830,Penal,4,J-004,22.49,0,125
EXP-34235,Penal,3,J-003,38.0,1,34
EXP-80160,Familiar,4,J-005,30.26,0,118
EXP-59333,Familiar,4,J-002,54.37,1,52
EXP-66859,Laboral,3,J-004,22.45,0,100
EXP-47637,Penal,5,J-003,74.2,1,92
EXP-45100,Laboral,2,J-003,71.33,0,104
EXP-32180,Familiar,5,J-002,23.11,1,88
EXP-59874,Laboral,1,J-003,61.92,0,86
EXP-14780,Laboral,3,J-001,31.6,1,48
EXP-43877,Familiar,4,J-002,52.56,1,61
EXP-17979,Penal,2,J-003,28.04,1,32
EXP-96746,Familiar,5,J-001,50.19,0,139
EXP-78102,Penal,1,J-004,90.38,0,127
EXP-93143,Laboral,4,J-005,78.43,0,192
EXP-60248,Familiar,5,J-003,55.79,0,133
EXP-46105,Familiar,4,J-003,67.8,0,126
EXP-22677,Familiar,1,J-005,56.47,0,71
EXP-42208,Laboral,3,J-002,36.01,0,110
EXP-23660,Laboral,4,J-003,49.22,0,130
EXP-28549,Laboral,4,J-003,22.12,0,121
EXP-19692,Laboral,2,J-004,14.69,0,100
EXP-99987,Familiar,4,J-005,23.75,0,113
EXP-22263,Penal,5,J-002,63.75,0,154
EXP-14865,Penal,3,J-005,93.02,1,80
EXP-25571,Laboral,2,J-001,75.66,1,77
EXP-40878,Penal,3,J-001,16.17,0,116
EXP-26656,Penal,5,J-002,17.72,0,148
EXP-35656,Familiar,2,J-005,13.62,0,109
EXP-72995,Familiar,1,J-005,15.12,0,73
EXP-12091,Laboral,2,J-005,13.36,0,82
EXP-27043,Laboral,1,J-002,60.56,0,98
EXP-97336,Penal,5,J-002,22.45,0,124
EXP-41955,Laboral,2,J-005,19.54,0,97
EXP-25183,Penal,1,J-004,59.25,0,76
EXP-55942,Laboral,5,J-004,72.83,0,147
EXP-28961,Laboral,5,J-002,27.14,0,132
EXP-15638,Familiar,3,J-004,80.57,1,65
EXP-73217,Familiar,1,J-002,53.67,1,33
EXP-15890,Familiar,3,J-001,63.15,0,99
EXP-32119,Laboral,1,J-003,73.21,0,86
EXP-17741,Laboral,2,J-004,56.49,0,108
EXP-55323,Laboral,1,J-002,93.07,0,108
EXP-32274,Penal,4,J-001,18.67,0,121
EXP-83089,Laboral,5,J-002,46.17,0,142
EXP-82135,Laboral,1,J-004,58.89,0,87
EXP-85658,Laboral,4,J-002,32.28,0,147
EXP-13088,Penal,5,J-001,32.73,0,163
EXP-21076,Laboral,1,J-005,61.01,0,64
EXP-77544,Penal,2,J-005,82.63,1,81
EXP-81388,Laboral,3,J-004,65.09,0,116
EXP-10540,Familiar,1,J-002,12.23,1,28
EXP-32233,Familiar,2,J-002,91.85,1,61
EXP-63476,Laboral,5,J-002,11.49,0,147
EXP-85158,Penal,4,J-003,88.9,1,82
EXP-34230,Penal,3,J-005,78.52,1,91
EXP-31732,Penal,3,J-005,37.67,1,59
EXP-86757,Penal,5,J-002,90.13,0,163
EXP-74668,Penal,2,J-003,24.88,1,36
EXP-23859,Laboral,1,J-002,49.15,0,90
EXP-47327,Laboral,3,J-003,73.54,0,112
EXP-93676,Familiar,2,J-001,41.41,0,82
EXP-51433,Laboral,2,J-001,79.83,1,59
EXP-59879,Familiar,2,J-002,65.57,1,42
EXP-48442,Familiar,3,J-002,12.01,1,41
EXP-12741,Familiar,2,J-001,13.94,0,107
EXP-62445,Laboral,4,J-003,28.32,0,127
EXP-77459,Laboral,3,J-001,10.34,1,37
EXP-80116,Laboral,5,J-003,44.91,0,132
EXP-25841,Penal,5,J-004,64.93,0,119
EXP-69137,Penal,5,J-003,15.71,1,72
EXP-98570,Familiar,2,J-001,91.17,0,109
EXP-87441,Laboral,3,J-005,21.21,0,100
EXP-29777,Familiar,3,J-003,29.51,0,118
EXP-45945,Laboral,4,J-003,26.57,0,135
EXP-96044,Penal,4,J-004,79.64,0,144
EXP-94195,Penal,5,J-001,25.77,0,131
EXP-19619,Familiar,5,J-001,40.55,0,133
EXP-70172,Laboral,3,J-002,57.23,0,123
EXP-79487,Penal,1,J-002,67.54,0,75
EXP-53470,Familiar,3,J-002,12.99,1,54
EXP-25699,Laboral,4,J-001,54.22,1,68
EXP-16068,Laboral,1,J-002,88.24,0,123
EXP-51153,Familiar,5,J-003,45.11,0,156
EXP-29587,Laboral,5,J-004,27.25,0,128
EXP-78306,Penal,2,J-004,24.04,0,112
EXP-52172,Familiar,4,J-003,11.06,0,125
EXP-87084,Laboral,3,J-002,85.38,0,144
EXP-80579,Laboral,5,J-004,69.61,0,130
EXP-84326,Penal,2,J-005,62.74,1,50
EXP-73840,Laboral,1,J-002,12.87,0,89
EXP-27958,Penal,1,J-004,77.14,0,111
EXP-93709,Laboral,4,J-004,68.25,0,124
EXP-89586,Familiar,3,J-004,11.39,1,55
EXP-14939,Penal,2,J-001,10.56,0,96
EXP-11987,Laboral,4,J-001,27.17,1,62
EXP-87712,Laboral,2,J-001,42.06,1,35
EXP-41034,Penal,1,J-005,71.22,1,15
EXP-89129,Familiar,3,J-003,22.85,0,118
EXP-10700,Laboral,4,J-004,76.11,0,172
EXP-39557,Penal,5,J-001,94.03,0,185
EXP-84169,Laboral,2,J-002,85.05,0,125
EXP-59341,Penal,5,J-003,18.98,1,82
EXP-86974,Familiar,4,J-003,23.73,0,133
EXP-14850,Laboral,3,J-001,82.77,1,99
EXP-45559,Penal,2,J-002,24.05,0,94
EXP-39643,Laboral,3,J-001,13.59,1,60
EXP-45229,Familiar,5,J-001,30.61,0,133
EXP-47814,Penal,4,J-005,84.54,1,103
EXP-23624,Familiar,4,J-001,91.31,0,153
EXP-33547,Laboral,1,J-001,11.85,1,21
EXP-35011,Familiar,5,J-005,45.46,0,153
EXP-23413,Familiar,1,J-003,30.26,0,63
EXP-13459,Familiar,5,J-002,94.79,1,115
EXP-80193,Penal,4,J-002,74.56,0,118
EXP-47529,Penal,5,J-003,64.45,1,73
EXP-77278,Penal,5,J-004,44.73,0,141
EXP-95829,Penal,5,J-005,86.56,1,117
EXP-92642,Laboral,4,J-002,39.75,0,139
EXP-67447,Laboral,1,J-003,53.35,0,96
EXP-51698,Familiar,2,J-004,44.94,1,33
EXP-13059,Penal,5,J-001,56.36,0,139
EXP-53359,Familiar,3,J-001,49.27,0,106
EXP-41511,Penal,4,J-003,37.12,1,60
EXP-23610,Laboral,2,J-004,42.79,0,88
EXP-77572,Penal,5,J-003,77.74,1,126
EXP-44527,Laboral,3,J-004,91.16,0,118
EXP-57104,Penal,3,J-001,39.75,0,101
EXP-61212,Laboral,4,J-005,54.04,0,118
EXP-85862,Laboral,4,J-005,46.75,0,130
EXP-78709,Laboral,2,J-003,36.72,0,101
EXP-90496,Penal,1,J-005,93.13,1,48
EXP-48658,Laboral,4,J-003,48.51,0,110
EXP-17698,Penal,2,J-001,52.7,0,88
EXP-39234,Familiar,4,J-005,48.56,0,126
EXP-60566,Penal,2,J-005,94.19,1,48
EXP-32390,Laboral,4,J-001,94.3,1,87
EXP-90431,Laboral,5,J-003,91.27,0,155
EXP-85101,Laboral,5,J-002,80.51,0,165
EXP-63257,Laboral,3,J-004,57.48,0,117
EXP-49478,Penal,2,J-003,80.14,1,57
EXP-91349,Laboral,4,J-003,20.35,0,135
EXP-54544,Penal,4,J-003,19.65,1,73
EXP-55892,Familiar,1,J-002,81.84,1,48
EXP-33181,Penal,3,J-005,81.44,1,69
EXP-89106,Penal,4,J-002,46.48,0,117
EXP-11209,Laboral,4,J-001,89.72,1,107
EXP-51441,Laboral,3,J-002,79.34,0,150
EXP-97714,Familiar,4,J-004,79.9,1,111
EXP-75995,Laboral,2,J-001,15.68,1,31
EXP-42154,Penal,4,J-002,14.29,0,126
EXP-97335,Laboral,4,J-004,65.28,0,124
EXP-44919,Penal,3,J-001,55.6,0,132
EXP-28964,Penal,1,J-003,27.92,1,16
EXP-99095,Familiar,4,J-001,36.97,0,116
EXP-75387,Laboral,1,J-001,10.72,1,11
EXP-29389,Laboral,4,J-003,61.6,0,114
EXP-15899,Penal,1,J-002,35.22,0,65
EXP-99114,Familiar,2,J-005,60.59,0,88
EXP-23312,Familiar,5,J-003,83.75,0,171
EXP-89459,Laboral,3,J-003,25.76,0,128
EXP-39989,Laboral,5,J-005,42.56,0,130
EXP-43722,Penal,1,J-002,88.76,0,103
EXP-83204,Penal,5,J-005,80.4,1,115
EXP-28315,Penal,1,J-005,82.6,1,69
EXP-90683,Penal,3,J-002,81.41,0,132
EXP-59799,Laboral,5,J-002,15.7,0,122
EXP-59590,Familiar,5,J-003,42.7,0,125
EXP-40895,Familiar,3,J-002,84.31,1,64
EXP-27796,Familiar,5,J-005,18.97,0,156
EXP-78010,Laboral,1,J-005,77.52,0,92
EXP-75670,Penal,5,J-002,41.61,0,143
EXP-47472,Laboral,5,J-004,59.46,0,132
EXP-49680,Familiar,4,J-005,16.4,0,110
EXP-85603,Penal,1,J-002,43.04,0,62
EXP-87605,Laboral,2,J-002,75.27,0,129
EXP-73830,Familiar,5,J-003,21.21,0,125
EXP-78357,Penal,5,J-001,37.59,0,148
EXP-69027,Laboral,3,J-004,60.17,0,128
EXP-91924,Familiar,3,J-004,52.41,1,38
EXP-78138,Laboral,1,J-004,78.58,0,135
EXP-40005,Laboral,2,J-002,62.73,0,100
EXP-95008,Laboral,5,J-002,79.14,0,201
EXP-26405,Familiar,1,J-001,49.47,0,90
EXP-18939,Penal,2,J-002,48.98,0,84
EXP-49952,Familiar,1,J-002,21.88,1,29
EXP-50922,Familiar,5,J-004,41.75,1,78
EXP-42322,Familiar,2,J-005,61.11,0,97
EXP-66840,Laboral,3,J-005,15.21,0,122
EXP-46219,Penal,2,J-005,66.63,1,45
EXP-70716,Penal,1,J-002,31.85,0,65
EXP-95093,Familiar,5,J-002,78.28,1,104
EXP-68320,Familiar,4,J-001,56.94,0,134
EXP-47904,Penal,2,J-003,46.66,1,28
EXP-23568,Laboral,2,J-002,79.03,0,144
EXP-63829,Familiar,4,J-002,59.09,1,68
EXP-99718,Penal,3,J-001,26.62,0,112
EXP-99324,Laboral,1,J-001,26.84,1,14
EXP-37611,Familiar,5,J-003,86.5,0,179
EXP-13984,Penal,3,J-004,59.33,0,97
EXP-62107,Penal,2,J-002,60.97,0,102
EXP-45491,Penal,5,J-002,60.33,0,134
EXP-19713,Laboral,4,J-001,76.73,1,97
EXP-23384,Laboral,4,J-004,30.1,0,126
EXP-65861,Familiar,5,J-001,14.81,0,135
EXP-84250,Familiar,4,J-001,81.5,0,155
EXP-95743,Familiar,4,J-004,16.81,1,62
EXP-71842,Penal,1,J-005,48.61,1,16
EXP-17023,Penal,1,J-001,24.55,0,73
EXP-31539,Penal,3,J-002,60.74,0,123
EXP-34016,Familiar,1,J-004,90.34,1,74
EXP-33334,Familiar,4,J-001,69.38,0,147
EXP-60272,Familiar,4,J-003,32.61,0,134
EXP-15530,Laboral,3,J-003,27.77,0,105
EXP-26743,Laboral,1,J-003,74.51,0,71
EXP-51984,Penal,2,J-001,42.46,0,76
EXP-16179,Laboral,3,J-003,72.19,0,110
EXP-11171,Familiar,4,J-005,30.11,0,112
EXP-26094,Familiar,1,J-001,55.24,0,75
EXP-64951,Familiar,1,J-005,61.27,0,91
EXP-80693,Penal,1,J-005,40.92,1,7
EXP-64781,Penal,4,J-002,52.5,0,138
EXP-94051,Penal,1,J-004,37.89,0,96
EXP-36615,Laboral,2,J-001,20.16,1,35
EXP-48067,Laboral,4,J-001,11.48,1,77
EXP-70937,Penal,5,J-005,75.12,1,109
EXP-59810,Penal,1,J-001,18.09,0,68
EXP-10955,Familiar,4,J-002,69.59,1,49
EXP-77264,Laboral,3,J-002,21.81,0,126
EXP-35935,Penal,1,J-001,62.19,0,75
EXP-16523,Familiar,1,J-004,12.39,1,29
EXP-58350,Laboral,3,J-002,79.26,0,138
EXP-16917,Laboral,5,J-001,92.94,1,96
EXP-88718,Laboral,2,J-001,83.41,1,67
EXP-99745,Familiar,5,J-003,90.96,0,168
EXP-34108,Familiar,3,J-002,66.89,1,45
EXP-21525,Laboral,5,J-003,48.63,0,119
EXP-99635,Familiar,3,J-005,72.78,0,88
EXP-24994,Penal,2,J-002,24.66,0,98
EXP-32271,Penal,4,J-002,40.48,0,121
EXP-53444,Laboral,2,J-004,22.59,0,109
EXP-41029,Laboral,2,J-002,58.52,0,94
EXP-80438,Laboral,2,J-001,65.93,1,28
EXP-59147,Laboral,3,J-001,21.51,1,59
EXP-17543,Penal,1,J-003,34.87,1,15
EXP-83174,Laboral,1,J-002,21.63,0,64
EXP-61328,Penal,1,J-003,15.65,1,13
EXP-24574,Penal,4,J-003,60.19,1,75
EXP-82840,Penal,4,J-005,91.56,1,92
EXP-27930,Familiar,3,J-004,59.09,1,47
EXP-64159,Laboral,5,J-005,77.3,0,179
EXP-38564,Laboral,3,J-005,39.72,0,89
EXP-53925,Penal,4,J-003,27.31,1,55
EXP-67031,Familiar,3,J-002,94.62,1,86
EXP-98608,Familiar,2,J-001,52.52,0,89
EXP-61036,Penal,2,J-003,59.17,1,39
EXP-82298,Penal,3,J-003,60.63,1,40
EXP-29904,Laboral,3,J-004,20.53,0,91
EXP-17650,Laboral,4,J-003,34.22,0,125
EXP-30378,Penal,4,J-002,29.15,0,115
EXP-66816,Laboral,4,J-005,93.0,0,159
EXP-17706,Familiar,3,J-001,67.56,0,107
EXP-95570,Laboral,4,J-005,73.3,0,129
EXP-55962,Laboral,4,J-004,33.39,0,121
EXP-57950,Familiar,3,J-001,36.33,0,127
EXP-14941,Familiar,1,J-003,61.7,0,66
EXP-60773,Penal,1,J-005,79.65,1,42
EXP-15327,Penal,2,J-005,73.32,1,31
EXP-49923,Penal,3,J-002,49.76,0,108
EXP-66497,Penal,2,J-001,84.11,0,130
EXP-66651,Penal,5,J-002,72.28,0,127
EXP-87596,Familiar,4,J-005,54.01,0,105
EXP-13886,Familiar,2,J-003,71.77,0,93
EXP-37424,Familiar,1,J-004,76.18,1,49
EXP-34241,Penal,2,J-002,91.88,0,141
EXP-15939,Penal,2,J-002,41.89,0,90
EXP-37903,Laboral,5,J-001,62.48,1,65
EXP-86385,Familiar,2,J-004,53.2,1,28
EXP-66592,Familiar,2,J-001,25.78,0,112
EXP-31298,Familiar,1,J-003,31.17,0,94
EXP-31827,Penal,2,J-003,81.71,1,57
EXP-93238,Laboral,4,J-001,29.79,1,75
EXP-14004,Familiar,4,J-003,15.79,0,131
EXP-14662,Penal,5,J-003,52.1,1,77
EXP-70409,Familiar,1,J-001,15.38,0,73
EXP-89800,Penal,4,J-003,30.84,1,58
EXP-24286,Familiar,2,J-002,52.24,1,27
EXP-54636,Laboral,1,J-003,56.43,0,71
EXP-31647,Penal,4,J-002,92.32,0,153
EXP-10772,Laboral,5,J-005,16.96,0,162
EXP-54119,Penal,2,J-001,69.1,0,103
EXP-59661,Familiar,2,J-004,40.19,1,44
EXP-55849,Familiar,1,J-003,15.66,0,77
EXP-54222,Familiar,3,J-003,87.1,0,145
EXP-69034,Penal,2,J-004,68.42,0,71
EXP-94799,Laboral,4,J-004,71.41,0,128
EXP-78954,Penal,5,J-001,47.88,0,122
EXP-65234,Penal,5,J-005,76.53,1,103
EXP-62670,Penal,2,J-002,88.31,0,133
EXP-30182,Laboral,5,J-002,71.82,0,152
EXP-46243,Laboral,2,J-001,59.86,1,32
EXP-65704,Familiar,2,J-005,46.01,0,99
EXP-25293,Familiar,1,J-003,61.09,0,88
EXP-23916,Familiar,1,J-005,94.21,0,117
EXP-33105,Laboral,3,J-004,43.81,0,115
EXP-46797,Laboral,2,J-005,10.1,0,110
EXP-98878,Familiar,4,J-005,82.56,0,167
EXP-23615,Penal,3,J-001,75.89,0,146
EXP-65618,Laboral,4,J-003,29.84,0,112
EXP-69740,Familiar,4,J-003,72.46,0,133
EXP-21274,Laboral,1,J-002,63.09,0,74
EXP-58726,Familiar,2,J-003,60.1,0,84
EXP-23605,Familiar,4,J-005,46.33,0,112
EXP-40930,Familiar,5,J-004,76.74,1,131
EXP-82973,Familiar,4,J-005,14.15,0,138
EXP-14118,Laboral,5,J-002,43.24,0,146
EXP-75072,Penal,1,J-005,71.14,1,16
EXP-56846,Laboral,5,J-003,49.18,0,145
EXP-75345,Laboral,1,J-003,60.94,0,85
EXP-35254,Familiar,3,J-004,40.67,1,35
EXP-44074,Familiar,5,J-004,82.42,1,109
EXP-92284,Laboral,4,J-004,45.75,0,129
EXP-22713,Penal,3,J-003,33.68,1,35
EXP-48198,Familiar,1,J-005,64.5,0,60
EXP-47954,Laboral,1,J-004,16.43,0,63
EXP-54185,Familiar,5,J-004,54.52,1,79
EXP-33953,Laboral,1,J-002,89.03,0,119
EXP-58948,Laboral,4,J-003,25.93,0,128
EXP-99129,Penal,3,J-004,16.4,0,96
EXP-45348,Familiar,5,J-005,48.58,0,148
EXP-30647,Familiar,2,J-005,85.72,0,143
EXP-62187,Penal,4,J-005,71.6,1,76
EXP-78968,Penal,5,J-003,36.71,1,86
EXP-80728,Laboral,4,J-002,59.51,0,139
EXP-74326,Penal,2,J-004,71.62,0,109
EXP-95324,Laboral,5,J-001,62.94,1,73
EXP-60235,Penal,3,J-003,91.04,1,77
EXP-11918,Familiar,4,J-003,60.26,0,114
EXP-23592,Laboral,2,J-002,47.74,0,79
EXP-26289,Penal,2,J-004,26.26,0,101
EXP-72781,Penal,5,J-005,77.41,1,120
EXP-23479,Penal,3,J-004,70.53,0,115
EXP-77495,Laboral,3,J-004,10.44,0,111
EXP-46809,Laboral,5,J-002,66.1,0,132
EXP-85901,Familiar,2,J-001,61.07,0,112
EXP-11799,Penal,2,J-005,56.68,1,28
EXP-86388,Laboral,2,J-001,51.8,1,28
EXP-69164,Penal,2,J-002,33.55,0,89
EXP-57767,Familiar,2,J-005,51.22,0,97
EXP-13440,Laboral,4,J-002,55.85,0,115
EXP-95160,Laboral,5,J-001,90.03,1,112
EXP-37317,Familiar,3,J-004,10.96,1,30
EXP-83831,Familiar,5,J-005,17.69,0,128
EXP-44275,Penal,1,J-005,24.06,1,5
EXP-74749,Laboral,5,J-004,53.79,0,131
EXP-96664,Laboral,2,J-005,19.14,0,101
EXP-65354,Laboral,5,J-001,80.91,1,135
EXP-28013,Laboral,2,J-003,31.84,0,105
EXP-63075,Laboral,3,J-004,21.18,0,123
EXP-81510,Laboral,5,J-001,76.34,1,83
EXP-56673,Penal,2,J-001,62.54,0,77
EXP-84577,Laboral,2,J-001,60.63,1,22
EXP-10421,Familiar,4,J-003,65.96,0,125
EXP-93220,Penal,3,J-003,41.97,1,53
EXP-14606,Laboral,1,J-005,58.75,0,75
EXP-98743,Penal,2,J-001,47.77,0,101
EXP-41657,Penal,4,J-003,82.07,1,99
EXP-82751,Laboral,2,J-003,27.76,0,83
EXP-24092,Familiar,5,J-005,75.04,0,156
EXP-68900,Familiar,5,J-001,21.16,0,131
EXP-97063,Familiar,3,J-002,86.87,1,58
EXP-76529,Laboral,5,J-003,26.03,0,129
EXP-13023,Laboral,1,J-002,32.84,0,76
EXP-72952,Familiar,5,J-005,47.72,0,144
EXP-13386,Penal,2,J-003,85.3,1,57
EXP-26429,Laboral,5,J-005,16.14,0,152
EXP-28895,Laboral,4,J-002,21.49,0,122
EXP-34858,Penal,1,J-005,87.45,1,51
EXP-59346,Familiar,3,J-002,23.58,1,51
EXP-19486,Familiar,2,J-005,35.97,0,103
EXP-89604,Familiar,5,J-002,41.16,1,72
EXP-99659,Familiar,1,J-004,14.19,1,21
EXP-65388,Laboral,5,J-001,86.22,1,92
EXP-81422,Familiar,1,J-005,67.8,0,84
EXP-47096,Familiar,3,J-005,83.81,0,143
EXP-83604,Penal,4,J-001,90.28,0,146
EXP-85918,Laboral,1,J-004,54.04,0,71
EXP-41952,Familiar,3,J-005,15.93,0,105
EXP-57452,Penal,2,J-002,54.88,0,95
EXP-69121,Familiar,2,J-004,78.71,1,60
EXP-41734,Familiar,2,J-005,25.57,0,113
EXP-53176,Laboral,3,J-001,28.3,1,51
EXP-40280,Penal,1,J-003,79.86,1,47
EXP-71232,Familiar,2,J-003,42.71,0,100
EXP-74551,Penal,2,J-001,89.88,0,125
EXP-48331,Familiar,4,J-004,44.57,1,66
EXP-10429,Penal,2,J-005,75.88,1,67
EXP-59365,Penal,3,J-003,73.54,1,56
EXP-35825,Penal,4,J-005,66.39,1,62
EXP-13201,Penal,3,J-001,60.39,0,110
EXP-55826,Laboral,2,J-002,84.52,0,123
EXP-16439,Laboral,1,J-001,29.69,1,5
EXP-34243,Penal,5,J-005,91.85,1,104
EXP-11018,Laboral,2,J-002,26.38,0,106
EXP-26526,Familiar,1,J-004,64.64,1,23
EXP-91576,Familiar,2,J-003,84.51,0,145
EXP-63254,Laboral,5,J-003,25.14,0,134
EXP-29551,Familiar,1,J-001,69.86,0,81
EXP-39501,Laboral,5,J-004,28.74,0,145
EXP-43379,Penal,1,J-003,34.57,1,25
EXP-20456,Familiar,4,J-004,32.02,1,57
EXP-63496,Penal,1,J-003,11.46,1,16
EXP-21722,Laboral,4,J-001,61.09,1,68
EXP-30217,Penal,4,J-001,42.38,0,133
EXP-96737,Familiar,1,J-002,51.57,1,15
EXP-61496,Penal,1,J-002,47.75,0,90
EXP-26386,Penal,4,J-002,26.29,0,119
EXP-68292,Familiar,2,J-003,86.22,0,122
EXP-87167,Penal,5,J-003,84.63,1,108
EXP-15014,Laboral,2,J-004,63.1,0,102
EXP-64275,Penal,4,J-003,68.97,1,56
EXP-79575,Laboral,1,J-005,12.34,0,79
EXP-72548,Penal,1,J-002,44.97,0,96
EXP-43312,Familiar,4,J-004,87.99,1,101
EXP-77536,Penal,4,J-004,74.82,0,120
EXP-83038,Penal,4,J-001,50.18,0,122
EXP-20474,Familiar,5,J-002,49.25,1,66
EXP-96605,Penal,2,J-001,20.02,0,100
EXP-19537,Penal,3,J-003,38.39,1,39
EXP-57771,Familiar,2,J-003,39.19,0,118
EXP-46072,Familiar,2,J-004,24.96,1,28
EXP-21270,Penal,3,J-004,64.52,0,122
EXP-79080,Penal,4,J-002,19.44,0,126
EXP-55616,Familiar,1,J-001,21.57,0,85
EXP-32376,Familiar,1,J-004,64.51,1,15
EXP-21255,Penal,4,J-004,76.95,0,150
EXP-51706,Penal,3,J-004,90.4,0,148
EXP-43593,Penal,1,J-004,83.65,0,117
EXP-60468,Laboral,2,J-005,85.93,0,124
EXP-76918,Penal,4,J-004,26.85,0,143
EXP-34843,Familiar,3,J-005,49.7,0,89
EXP-77636,Familiar,3,J-001,82.56,0,134
EXP-98671,Laboral,4,J-002,52.96,0,120
EXP-39694,Laboral,4,J-005,58.13,0,124
EXP-64678,Penal,4,J-001,55.12,0,132
EXP-42935,Familiar,1,J-005,23.41,0,89
EXP-83173,Familiar,2,J-004,61.61,1,35
EXP-76172,Familiar,3,J-004,28.6,1,60
EXP-18362,Penal,4,J-003,19.0,1,64
EXP-21866,Familiar,1,J-002,10.64,1,27
EXP-32938,Laboral,5,J-003,56.11,0,134
EXP-38205,Penal,4,J-002,64.65,0,123
EXP-56462,Familiar,5,J-003,85.42,0,179
EXP-39720,Penal,2,J-001,24.86,0,83
EXP-75337,Laboral,5,J-005,24.52,0,127
EXP-23368,Penal,2,J-003,21.69,1,37
EXP-26029,Penal,5,J-005,19.23,1,71
EXP-94722,Familiar,1,J-002,85.39,1,50
EXP-26466,Penal,3,J-005,59.76,1,51
EXP-83314,Familiar,2,J-003,22.79,0,72
EXP-50594,Familiar,3,J-005,20.13,0,106
EXP-16947,Penal,4,J-005,53.15,1,59
EXP-50580,Laboral,5,J-004,78.06,0,190
EXP-38170,Familiar,3,J-002,69.04,1,50
EXP-86355,Laboral,3,J-001,90.73,1,95
EXP-86571,Familiar,1,J-002,38.64,1,11
EXP-51465,Familiar,3,J-003,29.87,0,110
EXP-54842,Laboral,3,J-003,37.63,0,125
EXP-70806,Familiar,2,J-005,81.61,0,133
EXP-26785,Penal,2,J-005,21.32,1,35
EXP-24367,Laboral,2,J-005,60.09,0,89
EXP-81395,Familiar,5,J-004,39.5,1,84
EXP-25470,Laboral,1,J-001,67.63,1,26
EXP-72979,Penal,4,J-003,94.57,1,90
EXP-29743,Laboral,2,J-004,82.17,0,105
EXP-91400,Penal,5,J-004,28.95,0,136
EXP-80565,Familiar,2,J-003,36.6,0,101
EXP-20994,Familiar,5,J-003,90.67,0,198
EXP-30464,Laboral,3,J-005,23.89,0,116
EXP-18600,Laboral,4,J-005,85.65,0,149
EXP-37851,Penal,4,J-001,25.23,0,128
EXP-60300,Laboral,1,J-001,13.46,1,8
EXP-89248,Penal,2,J-005,64.04,1,34
EXP-63981,Penal,2,J-004,35.15,0,89
EXP-42791,Laboral,1,J-004,52.27,0,72
EXP-21398,Penal,1,J-002,49.79,0,97
EXP-76066,Penal,1,J-001,75.08,0,109
EXP-74088,Penal,3,J-005,69.58,1,44
EXP-30262,Laboral,3,J-001,11.46,1,48
EXP-32831,Familiar,3,J-004,20.56,1,41
EXP-45957,Laboral,5,J-005,16.42,0,120
EXP-93224,Laboral,4,J-002,19.93,0,124
EXP-20704,Penal,4,J-004,71.6,0,136
EXP-95925,Familiar,2,J-003,27.06,0,107
EXP-29188,Penal,5,J-002,94.09,0,194
EXP-80615,Familiar,4,J-003,65.47,0,131
EXP-17966,Familiar,5,J-001,71.58,0,139
EXP-65049,Familiar,2,J-004,62.92,1,31
EXP-26433,Laboral,5,J-002,79.37,0,192
EXP-17194,Penal,1,J-003,67.43,1,19
EXP-79734,Penal,2,J-004,56.57,0,91
EXP-24265,Familiar,4,J-003,72.5,0,138
EXP-36765,Penal,4,J-002,35.26,0,129
EXP-86579,Laboral,2,J-004,88.86,0,129
EXP-44693,Familiar,4,J-004,71.53,1,73
EXP-84164,Penal,5,J-001,10.21,0,137
EXP-77565,Familiar,5,J-002,92.62,1,111
EXP-70520,Familiar,4,J-001,35.99,0,126
EXP-71664,Penal,5,J-002,69.75,0,146
EXP-90966,Familiar,1,J-004,45.98,1,26
EXP-38375,Laboral,1,J-005,50.23,0,84
EXP-97854,Familiar,2,J-003,15.55,0,93
EXP-59336,Penal,5,J-001,92.66,0,171
EXP-46005,Laboral,5,J-002,38.66,0,134
EXP-50242,Laboral,1,J-003,26.13,0,77
EXP-68858,Laboral,1,J-002,66.75,0,68
EXP-95675,Penal,2,J-005,34.94,1,28
EXP-92756,Familiar,3,J-004,82.02,1,80
EXP-61163,Penal,1,J-004,35.11,0,71
EXP-52657,Penal,5,J-004,51.5,0,153
EXP-42285,Familiar,5,J-001,41.87,0,133
EXP-84506,Penal,2,J-001,60.04,0,82
EXP-61399,Familiar,4,J-005,65.7,0,117
EXP-43179,Familiar,5,J-005,71.29,0,129
EXP-93348,Familiar,4,J-003,41.89,0,133
EXP-29602,Penal,4,J-004,89.6,0,133
EXP-40723,Penal,4,J-005,65.61,1,66
EXP-96789,Penal,5,J-001,86.51,0,163
EXP-83747,Penal,5,J-005,63.82,1,80
EXP-90515,Familiar,1,J-002,12.07,1,23
EXP-38405,Penal,2,J-001,78.81,0,121
EXP-22994,Laboral,3,J-001,42.15,1,40
EXP-43985,Penal,3,J-002,27.76,0,119
EXP-30792,Familiar,1,J-002,78.86,1,62
EXP-59302,Laboral,4,J-001,69.44,1,67
EXP-23083,Familiar,2,J-005,62.08,0,86
EXP-43734,Laboral,2,J-001,22.2,1,26
EXP-37644,Penal,1,J-001,20.63,0,71
EXP-97914,Familiar,3,J-003,84.9,0,147
EXP-95413,Familiar,1,J-001,24.41,0,62
EXP-54186,Laboral,4,J-005,38.05,0,120
EXP-24538,Penal,1,J-003,57.01,1,28
EXP-36688,Familiar,2,J-004,25.81,1,39
EXP-53581,Laboral,2,J-001,27.73,1,37
EXP-78249,Penal,1,J-001,56.98,0,71
EXP-29699,Familiar,3,J-003,12.02,0,118
EXP-28299,Familiar,3,J-002,36.4,1,46
EXP-28813,Laboral,5,J-002,31.53,0,137
EXP-13439,Penal,1,J-001,11.87,0,61
EXP-89878,Familiar,1,J-005,19.53,0,72
EXP-50020,Laboral,3,J-001,45.5,1,57
EXP-69935,Familiar,5,J-002,86.01,1,122
EXP-43346,Penal,2,J-003,88.25,1,56
EXP-14818,Familiar,4,J-004,38.32,1,60
EXP-30375,Penal,1,J-003,69.04,1,5
EXP-98518,Laboral,1,J-002,66.61,0,81
EXP-91255,Laboral,3,J-005,87.02,0,173
EXP-34569,Penal,2,J-001,75.85,0,144
EXP-39701,Familiar,5,J-005,20.37,0,128
EXP-11273,Familiar,5,J-003,31.5,0,117
EXP-93955,Penal,4,J-003,46.81,1,67
EXP-70297,Laboral,5,J-002,58.86,0,125
EXP-90290,Penal,2,J-002,78.45,0,127
EXP-35799,Penal,4,J-003,68.77,1,78
EXP-27157,Penal,2,J-003,66.21,1,39
EXP-97668,Familiar,4,J-004,31.3,1,75
EXP-38783,Penal,5,J-001,18.54,0,148
EXP-92968,Penal,1,J-004,32.75,0,75
EXP-41804,Familiar,2,J-002,36.53,1,28
EXP-12657,Laboral,5,J-005,77.12,0,176
EXP-14704,Familiar,3,J-003,37.36,0,118
EXP-53556,Penal,3,J-004,55.59,0,97
EXP-60868,Laboral,4,J-005,18.6,0,120
EXP-68054,Penal,5,J-004,28.12,0,134
EXP-89839,Familiar,2,J-002,20.85,1,30
EXP-77919,Familiar,2,J-004,26.23,1,31
EXP-30669,Laboral,3,J-002,80.2,0,157
EXP-23051,Penal,1,J-003,63.73,1,16
EXP-45950,Laboral,4,J-004,56.6,0,136
EXP-74037,Penal,4,J-001,32.77,0,134
EXP-93862,Familiar,4,J-001,66.78,0,122
EXP-73747,Familiar,3,J-005,72.49,0,128
EXP-30926,Laboral,3,J-002,91.96,0,147
EXP-24986,Familiar,2,J-003,16.85,0,95
EXP-45024,Familiar,4,J-001,65.8,0,141
EXP-24981,Penal,3,J-003,29.25,1,41
EXP-24059,Laboral,2,J-001,26.79,1,17
EXP-69533,Laboral,3,J-002,68.98,0,91
EXP-21735,Familiar,2,J-003,62.88,0,117
EXP-16066,Laboral,1,J-002,56.82,0,78
EXP-31059,Penal,5,J-005,11.2,1,78
EXP-66739,Penal,5,J-004,72.68,0,136
EXP-23018,Familiar,3,J-002,61.2,1,47
EXP-12697,Penal,5,J-003,15.77,1,79
EXP-50916,Familiar,4,J-004,35.12,1,51
EXP-92319,Laboral,3,J-003,84.58,0,145
EXP-45987,Familiar,3,J-005,17.94,0,103
EXP-28576,Laboral,5,J-004,47.49,0,157
EXP-92234,Penal,2,J-005,75.29,1,78
EXP-74550,Laboral,3,J-002,46.36,0,105
EXP-21317,Penal,5,J-002,17.15,0,139
EXP-47250,Penal,3,J-001,21.89,0,105
EXP-73448,Penal,2,J-004,74.79,0,86
EXP-96559,Penal,2,J-003,22.65,1,27
EXP-45252,Penal,4,J-004,69.08,0,115
EXP-49357,Familiar,2,J-003,65.0,0,86
EXP-19019,Laboral,3,J-005,71.54,0,103
EXP-73322,Penal,3,J-005,17.22,1,44
EXP-39732,Laboral,3,J-004,17.85,0,95
EXP-62816,Familiar,5,J-004,37.17,1,79
EXP-15740,Laboral,1,J-003,84.21,0,124
EXP-42132,Familiar,1,J-005,21.92,0,100
EXP-40538,Familiar,2,J-003,66.74,0,91
EXP-88810,Laboral,4,J-003,79.46,0,148
EXP-96968,Familiar,3,J-001,47.95,0,102
EXP-30007,Penal,2,J-003,48.31,1,48
EXP-68240,Penal,4,J-002,38.71,0,138
EXP-37650,Laboral,2,J-003,31.1,0,87
EXP-92148,Familiar,5,J-005,59.84,0,131
EXP-51168,Penal,4,J-005,34.07,1,52
EXP-84717,Laboral,4,J-003,37.13,0,134
EXP-94856,Laboral,5,J-002,54.17,0,118
EXP-32803,Penal,4,J-005,45.12,1,61
EXP-73650,Penal,1,J-003,27.26,1,32
EXP-61963,Penal,2,J-005,15.57,1,36
EXP-26883,Familiar,3,J-001,17.12,0,112
EXP-93344,Laboral,2,J-005,48.47,0,99
EXP-46897,Penal,3,J-004,78.32,0,143
EXP-14483,Penal,2,J-001,22.04,0,107
EXP-39462,Familiar,1,J-002,43.0,1,31
EXP-24625,Laboral,3,J-003,23.22,0,117
EXP-14042,Familiar,4,J-004,80.8,1,84
EXP-61467,Familiar,1,J-005,52.13,0,81
EXP-46528,Familiar,2,J-001,94.91,0,135
EXP-58771,Familiar,4,J-004,49.85,1,57
EXP-76454,Laboral,5,J-001,53.49,1,71
EXP-20334,Laboral,4,J-004,69.61,0,125
EXP-27457,Penal,2,J-001,38.78,0,115
EXP-78193,Penal,5,J-001,59.53,0,134
EXP-15662,Laboral,2,J-002,71.12,0,82
EXP-10261,Penal,2,J-003,43.68,1,25
EXP-69290,Laboral,4,J-002,65.5,0,144
EXP-50985,Familiar,4,J-002,65.01,1,62
EXP-41082,Penal,4,J-002,13.42,0,139
EXP-71043,Familiar,2,J-002,81.34,1,65
EXP-63712,Familiar,1,J-001,59.63,0,66
EXP-90682,Familiar,4,J-005,59.64,0,143
EXP-22819,Penal,2,J-001,55.28,0,79
EXP-10160,Laboral,4,J-002,77.93,0,164
EXP-83572,Familiar,5,J-004,79.17,1,108
EXP-59940,Penal,3,J-003,70.35,1,43
EXP-14739,Familiar,5,J-005,18.5,0,140
EXP-26792,Familiar,2,J-004,45.86,1,39
EXP-13995,Familiar,1,J-001,39.57,0,69
EXP-82218,Penal,3,J-005,34.46,1,36
EXP-28394,Laboral,5,J-005,13.69,0,140
EXP-47899,Laboral,5,J-001,88.46,1,111
EXP-28400,Penal,1,J-002,84.26,0,119
EXP-17743,Laboral,3,J-004,41.72,0,125
EXP-26790,Familiar,2,J-004,87.88,1,58
EXP-83910,Penal,3,J-003,64.21,1,50
EXP-22778,Familiar,1,J-003,30.99,0,77
EXP-62027,Penal,2,J-002,57.88,0,81
EXP-40413,Familiar,5,J-005,41.55,0,122
EXP-78081,Penal,4,J-002,49.95,0,120
EXP-29952,Familiar,4,J-002,70.16,1,60
EXP-79098,Familiar,1,J-005,85.49,0,118
EXP-36727,Familiar,5,J-004,36.45,1,79
EXP-59285,Laboral,4,J-004,73.07,0,123
EXP-44690,Laboral,3,J-002,13.38,0,128
EXP-70587,Familiar,1,J-002,77.5,1,60
EXP-85034,Laboral,4,J-001,29.82,1,66
EXP-18838,Familiar,3,J-003,89.56,0,170
EXP-24945,Familiar,2,J-003,69.11,0,108
EXP-17429,Laboral,3,J-005,83.46,0,146
EXP-37273,Familiar,4,J-002,18.24,1,64
EXP-97671,Familiar,5,J-004,88.25,1,114
EXP-74480,Penal,2,J-004,91.82,0,112
EXP-45634,Laboral,2,J-004,35.06,0,84
EXP-32687,Familiar,2,J-002,26.15,1,30
EXP-74860,Penal,5,J-002,55.97,0,152
EXP-39053,Familiar,3,J-001,58.11,0,106
EXP-77915,Laboral,4,J-003,43.76,0,136
EXP-62423,Familiar,5,J-005,58.88,0,145
EXP-64557,Penal,5,J-002,38.52,0,134
EXP-30619,Laboral,4,J-005,47.03,0,124
EXP-45288,Familiar,5,J-003,54.61,0,159
EXP-29036,Familiar,2,J-005,49.68,0,80
EXP-82544,Penal,2,J-004,32.58,0,103
EXP-38301,Penal,5,J-001,35.48,0,146
EXP-96257,Penal,3,J-003,12.63,1,45
EXP-85729,Laboral,2,J-005,43.37,0,95
EXP-44147,Familiar,1,J-003,83.43,0,101
EXP-67196,Familiar,3,J-005,44.29,0,117
EXP-21103,Penal,1,J-002,56.54,0,85
EXP-75794,Familiar,5,J-001,55.07,0,138
EXP-50087,Penal,1,J-004,68.02,0,88
EXP-36062,Laboral,2,J-003,47.62,0,86
EXP-96578,Laboral,4,J-005,19.13,0,129
EXP-21771,Familiar,5,J-001,47.85,0,145
EXP-47402,Familiar,1,J-004,48.69,1,10
EXP-43223,Familiar,1,J-003,34.6,0,94
EXP-96673,Penal,3,J-002,89.89,0,150
EXP-32067,Familiar,1,J-001,27.39,0,96
EXP-72666,Familiar,1,J-005,23.16,0,79
EXP-35827,Penal,2,J-001,62.88,0,83
EXP-52151,Familiar,2,J-002,60.04,1,20
EXP-33083,Familiar,3,J-003,27.42,0,108
EXP-15622,Laboral,5,J-004,27.06,0,139
EXP-12428,Penal,4,J-005,31.19,1,59
EXP-45257,Penal,5,J-003,71.54,1,67
EXP-72150,Familiar,4,J-001,74.49,0,121
EXP-95861,Familiar,3,J-001,43.61,0,105
EXP-38830,Penal,5,J-002,73.53,0,138
EXP-80707,Penal,3,J-002,64.19,0,122
EXP-25497,Familiar,3,J-005,91.34,0,168
EXP-86278,Laboral,2,J-003,90.48,0,142
EXP-68072,Laboral,5,J-004,39.13,0,135
EXP-92195,Penal,3,J-002,33.63,0,100
EXP-17418,Penal,1,J-005,50.16,1,16
EXP-16490,Familiar,1,J-003,46.69,0,90
EXP-18855,Familiar,2,J-004,79.54,1,71
EXP-64034,Laboral,5,J-004,32.31,0,148
EXP-89840,Familiar,5,J-002,85.75,1,105
EXP-88369,Laboral,2,J-005,35.36,0,92
EXP-89253,Familiar,3,J-003,42.72,0,93
EXP-30966,Penal,1,J-004,39.82,0,95
EXP-82734,Familiar,4,J-003,84.96,0,133
EXP-69709,Familiar,5,J-001,81.76,0,184
EXP-54693,Penal,3,J-002,54.76,0,98
EXP-71489,Familiar,3,J-001,11.47,0,125
EXP-10425,Penal,4,J-003,30.6,1,69
EXP-66830,Penal,4,J-001,91.2,0,136
EXP-50363,Penal,5,J-003,75.32,1,98
EXP-33068,Familiar,4,J-001,27.23,0,121
EXP-57755,Familiar,5,J-005,66.77,0,146
EXP-41908,Penal,5,J-005,50.12,1,90
EXP-17375,Familiar,3,J-003,92.94,0,134
EXP-70610,Penal,5,J-004,22.48,0,146
EXP-20009,Laboral,1,J-001,56.59,1,5
EXP-43582,Laboral,1,J-005,39.85,0,74
EXP-11348,Penal,4,J-001,68.43,0,131
EXP-76749,Familiar,5,J-001,63.68,0,133
EXP-43859,Penal,5,J-001,36.95,0,143
EXP-66425,Laboral,2,J-002,94.11,0,126
EXP-21819,Laboral,1,J-004,67.93,0,96
EXP-87211,Laboral,2,J-004,12.72,0,111
EXP-69226,Familiar,4,J-002,41.62,1,69
EXP-16555,Penal,3,J-004,87.38,0,153
EXP-22275,Penal,3,J-004,48.72,0,98
EXP-95874,Laboral,3,J-004,53.16,0,119
EXP-51579,Laboral,3,J-002,17.92,0,90
EXP-18679,Familiar,3,J-002,58.98,1,50
EXP-19658,Laboral,3,J-002,77.34,0,140
EXP-28514,Laboral,4,J-005,82.59,0,154
EXP-36451,Penal,1,J-003,54.1,1,22
EXP-39544,Penal,3,J-004,46.6,0,129
EXP-69282,Penal,3,J-002,15.65,0,101
EXP-86209,Laboral,1,J-003,94.79,0,120
EXP-35241,Laboral,1,J-005,36.28,0,91
EXP-21789,Laboral,4,J-005,24.26,0,125
EXP-13687,Laboral,2,J-001,12.99,1,29
EXP-73957,Penal,4,J-005,39.08,1,65
EXP-97358,Penal,1,J-002,52.25,0,72
EXP-31195,Penal,4,J-001,74.19,0,120
EXP-89580,Familiar,4,J-005,31.06,0,117
EXP-38031,Familiar,1,J-003,81.37,0,100
EXP-99380,Penal,4,J-003,21.35,1,58
EXP-22059,Penal,3,J-005,55.58,1,33
EXP-47812,Penal,3,J-004,47.11,0,109
EXP-66496,Penal,4,J-001,65.36,0,107
EXP-25618,Familiar,5,J-005,61.55,0,137
EXP-76775,Familiar,2,J-004,82.78,1,70
EXP-16146,Familiar,3,J-001,62.07,0,108
EXP-87279,Penal,3,J-002,51.11,0,120
EXP-14374,Laboral,4,J-003,52.48,0,124
EXP-61535,Familiar,2,J-005,35.52,0,99
EXP-98680,Laboral,1,J-002,36.59,0,63
EXP-18346,Familiar,5,J-004,18.44,1,72
EXP-38557,Penal,3,J-005,11.83,1,43
EXP-32633,Familiar,3,J-004,36.0,1,54
EXP-48363,Penal,2,J-003,16.24,1,25
EXP-99850,Familiar,5,J-004,19.78,1,71
EXP-70487,Laboral,4,J-004,21.03,0,115
EXP-66887,Familiar,3,J-004,39.18,1,52
EXP-43476,Penal,4,J-004,87.43,0,154
EXP-84818,Laboral,1,J-004,42.14,0,75
EXP-97211,Laboral,1,J-003,73.5,0,97
EXP-95769,Laboral,1,J-003,65.55,0,81
EXP-98886,Familiar,2,J-003,35.47,0,83
EXP-35497,Penal,1,J-001,15.14,0,85
EXP-51632,Familiar,2,J-001,41.76,0,85
EXP-47076,Penal,2,J-001,80.32,0,122
EXP-14726,Familiar,1,J-002,83.72,1,43
EXP-90477,Familiar,2,J-001,79.39,0,121
EXP-94862,Familiar,5,J-004,83.56,1,100
EXP-64277,Penal,1,J-001,82.27,0,104
EXP-71641,Familiar,4,J-001,43.31,0,107
EXP-28001,Penal,5,J-003,61.0,1,73
EXP-99731,Laboral,3,J-002,50.98,0,120
EXP-38866,Familiar,3,J-001,48.87,0,118
EXP-95625,Familiar,1,J-001,67.75,0,75
EXP-90130,Laboral,1,J-001,67.69,1,11
EXP-33898,Penal,4,J-005,79.0,1,90
EXP-89658,Laboral,2,J-005,59.18,0,96
EXP-88957,Familiar,2,J-002,20.09,1,41
EXP-33443,Penal,5,J-005,16.8,1,90
EXP-34461,Laboral,1,J-001,17.99,1,22
EXP-95230,Penal,3,J-004,20.29,0,115
EXP-96616,Laboral,4,J-003,90.73,0,179
EXP-21951,Penal,2,J-002,20.33,0,103
EXP-71823,Laboral,2,J-002,64.43,0,86
EXP-45084,Laboral,4,J-003,59.49,0,125
EXP-30780,Laboral,5,J-005,56.64,0,145
EXP-31049,Laboral,5,J-002,84.1,0,161
EXP-10369,Familiar,1,J-002,37.44,1,22
EXP-78702,Familiar,5,J-002,66.59,1,77
EXP-57311,Laboral,4,J-002,62.34,0,127
EXP-41290,Familiar,5,J-001,50.29,0,137
EXP-66171,Familiar,2,J-003,86.69,0,113
EXP-90640,Laboral,5,J-004,79.56,0,154
EXP-14372,Penal,2,J-001,65.08,0,97
EXP-65074,Familiar,3,J-004,77.04,1,69
EXP-16640,Familiar,5,J-005,15.34,0,145
EXP-63768,Familiar,5,J-005,77.24,0,183
EXP-48390,Penal,3,J-005,82.89,1,89
EXP-15732,Laboral,5,J-002,70.08,0,129
EXP-78238,Laboral,1,J-002,52.6,0,85
EXP-52508,Familiar,3,J-005,89.46,0,155
EXP-73598,Penal,3,J-005,40.5,1,49
EXP-69071,Penal,3,J-005,93.94,1,103
EXP-16577,Laboral,3,J-005,74.03,0,106
EXP-87164,Penal,2,J-001,16.46,0,74
EXP-51584,Laboral,5,J-003,14.06,0,162
EXP-16506,Penal,4,J-004,60.67,0,136
EXP-52058,Penal,1,J-002,45.82,0,84
EXP-91271,Laboral,4,J-005,15.78,0,126
EXP-61463,Penal,3,J-001,59.62,0,107
EXP-71521,Laboral,2,J-004,73.03,0,86
EXP-79012,Familiar,4,J-003,79.0,0,156
EXP-43357,Laboral,3,J-004,51.37,0,104
EXP-99031,Laboral,3,J-001,73.8,1,38
EXP-63003,Penal,5,J-001,92.58,0,154
EXP-28138,Familiar,2,J-002,66.67,1,29
EXP-18675,Penal,2,J-005,13.89,1,35
EXP-18298,Familiar,1,J-003,72.37,0,68
EXP-82289,Familiar,3,J-001,69.19,0,106
EXP-37507,Penal,5,J-004,85.67,0,169
EXP-80955,Familiar,2,J-002,25.87,1,25
EXP-55706,Familiar,2,J-005,16.69,0,94
EXP-20926,Penal,1,J-001,26.76,0,75
EXP-58390,Penal,1,J-004,29.72,0,87
EXP-65473,Laboral,2,J-004,15.89,0,81
EXP-22394,Familiar,1,J-005,90.45,0,112
EXP-63357,Laboral,2,J-004,15.87,0,106
EXP-48225,Penal,2,J-002,73.04,0,106
EXP-15875,Penal,3,J-002,86.19,0,136
EXP-76747,Penal,1,J-004,37.59,0,93
EXP-15094,Familiar,1,J-005,91.53,0,100
EXP-99876,Penal,4,J-005,24.42,1,65
EXP-69372,Penal,1,J-005,92.15,1,53
EXP-33704,Laboral,2,J-004,57.46,0,98
EXP-90823,Familiar,2,J-002,53.82,1,33
EXP-35325,Familiar,3,J-005,76.73,0,137
EXP-43189,Familiar,3,J-001,17.65,0,108
EXP-14572,Familiar,1,J-003,72.45,0,91
EXP-47939,Penal,5,J-001,74.18,0,136
EXP-69697,Laboral,3,J-005,47.74,0,114
EXP-71383,Laboral,2,J-001,21.76,1,30
EXP-22545,Familiar,1,J-004,88.98,1,68
EXP-67494,Familiar,4,J-003,57.14,0,144
EXP-71713,Laboral,1,J-004,36.68,0,68
EXP-34500,Laboral,1,J-002,40.57,0,88
EXP-18132,Penal,3,J-004,11.4,0,103
EXP-32107,Familiar,1,J-005,12.94,0,98
EXP-73029,Laboral,3,J-002,52.38,0,111
EXP-47466,Penal,1,J-002,77.72,0,111
EXP-73546,Familiar,3,J-005,56.98,0,87
EXP-85325,Laboral,2,J-003,31.25,0,98
EXP-93377,Penal,3,J-005,68.38,1,49
EXP-55905,Laboral,3,J-003,78.99,0,126
EXP-51483,Laboral,5,J-002,35.67,0,128
EXP-23603,Laboral,5,J-004,51.59,0,129
EXP-38989,Penal,2,J-005,48.51,1,42
EXP-28418,Penal,3,J-002,23.46,0,116
EXP-86063,Laboral,5,J-004,69.09,0,152
EXP-37737,Familiar,4,J-005,53.06,0,139
EXP-44670,Laboral,4,J-005,46.45,0,127
EXP-53283,Penal,5,J-002,69.96,0,134
EXP-51183,Laboral,4,J-002,93.13,0,173
EXP-23084,Penal,3,J-005,61.0,1,59
EXP-35086,Penal,3,J-005,40.56,1,37
EXP-44898,Penal,2,J-005,64.42,1,38
EXP-37830,Penal,4,J-004,53.56,0,137
EXP-44180,Laboral,2,J-004,74.69,0,97
EXP-15770,Laboral,3,J-004,53.6,0,131
EXP-24334,Penal,2,J-004,26.06,0,93
EXP-98654,Familiar,1,J-002,61.93,1,16
EXP-15074,Penal,4,J-003,62.18,1,71
EXP-95446,Familiar,2,J-005,19.15,0,106
EXP-22429,Familiar,2,J-004,47.5,1,16
EXP-30542,Familiar,4,J-001,54.21,0,135
EXP-23036,Penal,5,J-001,77.16,0,196
EXP-35899,Laboral,5,J-004,48.8,0,133
EXP-55424,Penal,4,J-004,38.73,0,132
EXP-48861,Laboral,4,J-002,65.25,0,144
EXP-26407,Familiar,4,J-001,94.29,0,183
EXP-73642,Laboral,5,J-002,76.78,0,151
EXP-71002,Laboral,3,J-004,49.63,0,89
EXP-89606,Familiar,5,J-004,68.64,1,70
EXP-92398,Penal,3,J-004,69.33,0,106
EXP-75948,Laboral,2,J-005,90.39,0,140
EXP-41987,Penal,3,J-003,51.67,1,56
EXP-20972,Laboral,2,J-005,45.81,0,83
EXP-96045,Laboral,4,J-002,47.87,0,128
EXP-43253,Penal,5,J-005,59.15,1,69
EXP-93103,Laboral,2,J-002,94.88,0,122
EXP-43038,Familiar,2,J-005,77.16,0,145
EXP-70873,Penal,5,J-001,65.22,0,158
EXP-30092,Penal,3,J-004,43.34,0,131
EXP-18978,Penal,5,J-001,91.27,0,174
EXP-14342,Penal,2,J-005,94.63,1,61
EXP-84617,Familiar,3,J-001,54.01,0,103
EXP-19654,Laboral,5,J-004,10.32,0,124
EXP-46657,Laboral,5,J-005,81.89,0,166
EXP-45344,Penal,4,J-005,35.81,1,51
EXP-68273,Penal,5,J-002,78.79,0,176
EXP-60501,Laboral,2,J-004,10.66,0,112
EXP-45037,Familiar,5,J-004,15.45,1,77
EXP-23897,Laboral,4,J-004,83.69,0,158
EXP-11428,Laboral,2,J-001,16.1,1,30
EXP-14225,Familiar,1,J-004,74.2,1,12
EXP-50027,Laboral,3,J-002,68.23,0,126
EXP-35719,Familiar,1,J-002,24.2,1,23
EXP-68519,Laboral,3,J-001,83.52,1,85
EXP-83730,Familiar,4,J-004,34.71,1,76
EXP-44803,Penal,4,J-005,31.36,1,69
EXP-19637,Familiar,3,J-002,24.62,1,46
EXP-83870,Laboral,4,J-001,44.03,1,56
EXP-79772,Laboral,2,J-003,62.7,0,111
EXP-45876,Familiar,5,J-003,74.89,0,136
EXP-23281,Laboral,4,J-005,58.27,0,115
EXP-84514,Penal,5,J-004,61.41,0,136
EXP-98317,Familiar,3,J-001,41.26,0,114
EXP-30103,Laboral,1,J-003,14.41,0,81
EXP-59607,Penal,5,J-002,70.15,0,132
EXP-68934,Laboral,2,J-003,37.55,0,94
EXP-17066,Laboral,4,J-003,33.74,0,126
EXP-38400,Laboral,2,J-002,20.61,0,103
EXP-31109,Familiar,1,J-005,26.58,0,91
EXP-24554,Familiar,1,J-004,41.34,1,15
EXP-35271,Familiar,5,J-002,57.97,1,75
EXP-92109,Familiar,4,J-005,62.2,0,132
EXP-57116,Penal,5,J-001,52.73,0,128
EXP-67602,Laboral,5,J-005,58.93,0,140
EXP-27544,Penal,3,J-002,87.84,0,121
EXP-64048,Laboral,5,J-005,84.57,0,168
EXP-41414,Laboral,1,J-003,44.09,0,84
EXP-50160,Familiar,5,J-003,47.85,0,130
EXP-26481,Penal,4,J-005,93.22,1,97
EXP-80885,Familiar,2,J-004,12.08,1,25
EXP-44475,Familiar,4,J-005,24.26,0,148
EXP-80542,Familiar,1,J-004,20.73,1,21
EXP-19708,Laboral,5,J-001,17.56,1,91
EXP-46436,Laboral,1,J-002,66.07,0,81
EXP-43796,Penal,1,J-005,40.2,1,7
EXP-15996,Penal,1,J-005,30.58,1,24
EXP-20122,Familiar,3,J-002,25.0,1,45
EXP-97667,Laboral,3,J-005,85.15,0,149
EXP-74784,Familiar,5,J-003,45.93,0,148
EXP-75596,Laboral,1,J-001,34.42,1,16
EXP-49384,Laboral,1,J-003,82.43,0,100
EXP-53235,Penal,4,J-005,49.6,1,57
EXP-47273,Laboral,5,J-005,65.54,0,129
EXP-35698,Penal,3,J-002,34.15,0,130
EXP-87807,Laboral,4,J-005,76.73,0,127
EXP-20434,Penal,4,J-003,31.98,1,72
EXP-95671,Penal,4,J-004,58.13,0,123
EXP-43479,Familiar,1,J-004,32.06,1,14
EXP-31438,Penal,2,J-004,14.11,0,106
EXP-41097,Familiar,3,J-005,55.53,0,112
EXP-11259,Laboral,3,J-003,70.03,0,109
EXP-45398,Familiar,4,J-001,64.31,0,112
EXP-90161,Penal,2,J-005,12.32,1,40
EXP-24476,Familiar,2,J-005,57.48,0,81
EXP-88322,Familiar,1,J-003,46.93,0,94
EXP-31768,Familiar,1,J-005,83.69,0,115
EXP-32841,Penal,2,J-003,34.16,1,33
EXP-62915,Penal,5,J-001,28.81,0,154
EXP-79726,Penal,4,J-004,41.32,0,114
EXP-57910,Laboral,4,J-001,22.55,1,63
EXP-30276,Penal,4,J-002,27.61,0,109
EXP-86630,Laboral,4,J-005,79.21,0,165
EXP-82732,Penal,5,J-005,43.51,1,78
EXP-11930,Familiar,5,J-003,73.28,0,146
EXP-27306,Familiar,1,J-004,82.82,1,39
EXP-92089,Penal,3,J-005,45.77,1,58
EXP-38883,Penal,5,J-002,68.18,0,138
EXP-22116,Laboral,3,J-002,94.99,0,139
EXP-77045,Laboral,4,J-005,54.69,0,126
EXP-50452,Penal,5,J-002,86.05,0,171
EXP-90189,Laboral,5,J-002,34.32,0,149
EXP-77306,Laboral,5,J-002,46.0,0,141
EXP-62341,Penal,1,J-001,75.94,0,121
EXP-82963,Laboral,3,J-005,13.06,0,109
EXP-88572,Familiar,2,J-002,76.83,1,69
EXP-74195,Penal,2,J-001,71.92,0,81
EXP-65214,Familiar,1,J-001,37.31,0,91
EXP-37711,Familiar,3,J-003,85.48,0,168
EXP-37073,Penal,2,J-003,29.22,1,28
EXP-31576,Laboral,2,J-003,65.6,0,76
EXP-48190,Penal,4,J-003,18.62,1,53
EXP-97143,Laboral,2,J-005,21.93,0,83
EXP-59329,Laboral,4,J-005,47.19,0,129
EXP-86547,Penal,1,J-002,21.11,0,69
EXP-42755,Familiar,3,J-003,35.5,0,106
EXP-95123,Laboral,2,J-001,62.3,1,25
EXP-34427,Laboral,1,J-003,56.12,0,76
EXP-40163,Familiar,4,J-004,10.04,1,67
EXP-63097,Familiar,1,J-001,66.82,0,78
EXP-82784,Familiar,1,J-005,48.06,0,100
EXP-22549,Familiar,5,J-002,13.74,1,77
EXP-12300,Penal,5,J-005,48.13,1,87
EXP-67033,Familiar,2,J-002,68.01,1,33
EXP-91949,Laboral,4,J-001,23.1,1,48
EXP-85937,Familiar,4,J-001,56.29,0,124
EXP-46186,Laboral,2,J-005,25.5,0,95
EXP-48790,Laboral,1,J-004,56.27,0,91
EXP-48947,Penal,2,J-004,51.12,0,96
EXP-75598,Familiar,2,J-001,84.96,0,135
EXP-10161,Laboral,2,J-005,63.9,0,95
EXP-17611,Familiar,1,J-005,16.55,0,95
EXP-16903,Familiar,2,J-003,14.17,0,105
EXP-16774,Laboral,4,J-002,93.04,0,146
EXP-97812,Penal,3,J-004,59.6,0,120
EXP-48833,Penal,3,J-001,14.63,0,109
EXP-81187,Familiar,3,J-005,22.35,0,87
EXP-86776,Familiar,1,J-002,93.23,1,50
EXP-50316,Penal,4,J-003,91.3,1,92
EXP-90306,Familiar,4,J-005,57.12,0,109
EXP-19604,Penal,1,J-004,86.22,0,129
EXP-95347,Penal,4,J-003,87.06,1,96
EXP-53510,Familiar,4,J-005,25.1,0,111
EXP-84639,Penal,4,J-001,89.54,0,157
EXP-50108,Laboral,3,J-001,35.57,1,52
EXP-38247,Penal,2,J-005,41.98,1,44
EXP-64499,Familiar,1,J-003,78.33,0,143
EXP-25665,Laboral,2,J-002,53.28,0,81
EXP-39537,Laboral,3,J-002,19.03,0,104
EXP-67231,Penal,4,J-004,79.08,0,174
EXP-86740,Penal,5,J-004,21.15,0,150
EXP-43962,Penal,3,J-005,18.3,1,42
EXP-35361,Familiar,3,J-004,89.2,1,85
EXP-93883,Penal,1,J-002,76.17,0,104
EXP-88511,Familiar,5,J-001,32.36,0,134
EXP-57149,Laboral,1,J-001,18.01,1,6
EXP-23487,Familiar,1,J-001,82.4,0,135
EXP-16782,Laboral,1,J-005,14.12,0,93
EXP-37537,Familiar,3,J-003,33.59,0,124
EXP-68567,Familiar,5,J-003,52.16,0,158
EXP-59723,Penal,3,J-001,70.16,0,111
EXP-18860,Laboral,4,J-002,72.74,0,148
EXP-28011,Laboral,5,J-003,33.16,0,143
EXP-58432,Laboral,3,J-002,83.16,0,140
EXP-57923,Penal,3,J-001,16.02,0,109
EXP-66353,Penal,5,J-002,56.07,0,125
EXP-81212,Penal,5,J-003,58.22,1,80
EXP-94541,Penal,5,J-002,12.81,0,150
EXP-61842,Laboral,2,J-002,23.38,0,94
EXP-13469,Familiar,2,J-005,38.54,0,103
EXP-99174,Laboral,1,J-002,80.23,0,116
EXP-18250,Penal,5,J-001,65.44,0,140
EXP-55437,Familiar,4,J-001,93.41,0,136
EXP-80028,Familiar,1,J-004,55.71,1,14
EXP-43319,Laboral,1,J-003,42.56,0,80
EXP-39952,Familiar,4,J-005,66.41,0,128
EXP-32053,Penal,3,J-004,94.64,0,140
EXP-70684,Laboral,4,J-002,78.62,0,144
EXP-67436,Penal,1,J-001,55.98,0,89
EXP-68371,Familiar,5,J-001,43.43,0,134
EXP-82043,Penal,5,J-003,43.92,1,79
EXP-42659,Laboral,4,J-004,78.26,0,149
EXP-88382,Penal,4,J-002,15.02,0,120
EXP-31086,Laboral,5,J-004,91.28,0,195
EXP-94733,Laboral,4,J-004,21.06,0,131
EXP-45440,Penal,5,J-002,40.03,0,146
EXP-22604,Penal,5,J-003,66.09,1,60
EXP-42249,Laboral,5,J-002,30.94,0,123
EXP-57817,Penal,1,J-004,36.53,0,74
EXP-31927,Laboral,1,J-002,84.59,0,114
EXP-51663,Laboral,1,J-002,80.63,0,86
EXP-95376,Familiar,2,J-003,80.24,0,130
EXP-11984,Penal,4,J-005,38.64,1,66
EXP-25760,Penal,4,J-003,90.87,1,92
EXP-83956,Laboral,3,J-004,89.26,0,145
EXP-77086,Laboral,2,J-005,52.61,0,98
EXP-33358,Penal,3,J-004,16.79,0,96
EXP-61522,Penal,5,J-002,41.44,0,155
EXP-99207,Penal,5,J-001,34.77,0,159
EXP-26498,Familiar,5,J-005,53.61,0,126
EXP-65063,Laboral,1,J-001,85.76,1,57
EXP-11574,Penal,1,J-003,32.29,1,18
EXP-11529,Penal,1,J-002,71.89,0,71
EXP-43723,Familiar,2,J-002,30.09,1,34
EXP-98915,Familiar,5,J-004,46.71,1,74
EXP-19234,Familiar,2,J-001,60.77,0,97
EXP-17260,Laboral,3,J-001,79.48,1,70
EXP-38354,Familiar,1,J-001,49.4,0,73
EXP-19908,Laboral,5,J-005,36.76,0,144
EXP-33508,Laboral,5,J-005,25.3,0,141
EXP-71838,Penal,1,J-003,65.82,1,20
EXP-86599,Laboral,1,J-004,15.64,0,65
EXP-48088,Penal,4,J-004,33.55,0,104
EXP-64414,Penal,2,J-003,75.88,1,75
EXP-77939,Penal,2,J-001,57.97,0,95
EXP-28955,Familiar,4,J-001,59.62,0,115
EXP-61285,Familiar,2,J-004,29.3,1,27
EXP-58452,Familiar,5,J-001,19.54,0,135
EXP-37146,Penal,3,J-004,68.92,0,117
EXP-57018,Penal,2,J-004,69.81,0,83
EXP-11513,Laboral,5,J-001,92.68,1,118
EXP-30410,Familiar,3,J-004,20.82,1,38
EXP-37248,Penal,3,J-003,81.9,1,84
EXP-37252,Laboral,1,J-003,78.05,0,93
EXP-34854,Familiar,2,J-003,21.81,0,98
EXP-84847,Laboral,2,J-003,48.85,0,114
EXP-49003,Laboral,3,J-001,18.41,1,51
EXP-66623,Laboral,2,J-004,87.55,0,116
EXP-39135,Familiar,4,J-002,15.55,1,60
EXP-12155,Laboral,5,J-005,67.57,0,140
EXP-60657,Penal,5,J-005,94.81,1,116
EXP-66377,Familiar,2,J-005,61.49,0,81
EXP-12088,Familiar,4,J-004,81.76,1,89
EXP-15557,Familiar,5,J-005,33.03,0,141
EXP-16045,Penal,2,J-004,86.13,0,123
EXP-67284,Penal,2,J-004,72.78,0,96
EXP-16265,Penal,1,J-003,10.7,1,24
EXP-59427,Penal,5,J-003,35.15,1,81
EXP-77371,Penal,1,J-004,75.43,0,119
EXP-63379,Penal,3,J-002,86.86,0,150
EXP-85147,Laboral,3,J-002,21.31,0,109
EXP-61869,Laboral,5,J-005,46.95,0,141
EXP-74485,Laboral,5,J-003,71.18,0,149
EXP-39658,Laboral,3,J-004,74.94,0,92
EXP-40155,Familiar,2,J-001,81.72,0,143
EXP-28066,Penal,3,J-005,54.42,1,41
EXP-36792,Familiar,3,J-003,91.49,0,144
EXP-54567,Laboral,3,J-002,76.81,0,151
EXP-84694,Familiar,5,J-001,64.15,0,141
EXP-54239,Familiar,2,J-001,62.31,0,98
EXP-95262,Familiar,5,J-002,13.68,1,78
EXP-48610,Familiar,5,J-001,62.29,0,143
EXP-95206,Familiar,3,J-001,20.83,0,100
EXP-16518,Laboral,5,J-004,91.33,0,157
EXP-19192,Familiar,5,J-004,42.31,1,60
EXP-38414,Laboral,1,J-005,84.52,0,102
EXP-89191,Laboral,2,J-002,23.77,0,104
EXP-33169,Familiar,1,J-004,50.28,1,19
EXP-64798,Penal,4,J-004,32.55,0,123
EXP-52269,Laboral,5,J-002,58.18,0,130
EXP-36485,Penal,4,J-004,76.09,0,159
EXP-73159,Penal,1,J-003,51.07,1,24
EXP-14963,Familiar,2,J-001,49.31,0,101
EXP-33104,Laboral,5,J-001,35.59,1,81
EXP-73228,Penal,1,J-002,63.38,0,73
EXP-83243,Familiar,3,J-001,64.11,0,131
EXP-42723,Laboral,5,J-004,37.58,0,140
EXP-78389,Penal,5,J-001,67.95,0,144
EXP-62172,Laboral,5,J-003,50.85,0,138
EXP-69718,Penal,4,J-002,30.54,0,117
EXP-51466,Laboral,5,J-004,64.49,0,147
EXP-78421,Laboral,2,J-002,17.05,0,80
EXP-66448,Familiar,2,J-004,43.04,1,40
EXP-26474,Familiar,4,J-003,48.41,0,135
EXP-69836,Familiar,2,J-005,39.78,0,82
EXP-94678,Laboral,2,J-004,93.52,0,146
EXP-77159,Penal,3,J-005,62.06,1,32
EXP-16977,Laboral,1,J-003,41.68,0,77
EXP-92701,Penal,2,J-003,48.66,1,35
EXP-46802,Familiar,1,J-003,36.88,0,84
EXP-40486,Laboral,1,J-004,94.23,0,117
EXP-18230,Penal,2,J-001,46.55,0,87
EXP-91382,Laboral,4,J-002,10.43,0,146
EXP-35620,Laboral,1,J-004,88.18,0,121
EXP-74100,Familiar,4,J-005,85.32,0,132
EXP-53118,Laboral,2,J-004,74.68,0,97
EXP-90358,Laboral,2,J-002,69.45,0,93
EXP-61753,Laboral,2,J-004,79.18,0,127
EXP-91796,Familiar,1,J-005,80.79,0,128
EXP-33891,Familiar,5,J-001,17.97,0,156
EXP-76285,Penal,5,J-002,77.91,0,181
EXP-80703,Laboral,1,J-003,69.27,0,86
EXP-13336,Penal,5,J-002,13.68,0,127
EXP-89974,Penal,2,J-003,21.91,1,38
EXP-41204,Penal,2,J-005,69.03,1,33
EXP-99842,Laboral,5,J-001,52.9,1,80
EXP-79136,Laboral,2,J-001,69.57,1,29
EXP-69768,Laboral,4,J-004,35.93,0,103
EXP-17508,Laboral,2,J-002,47.15,0,76
EXP-78525,Familiar,4,J-005,63.2,0,127
EXP-57816,Penal,1,J-003,47.8,1,18
EXP-50239,Laboral,3,J-001,87.09,1,76
EXP-81963,Penal,2,J-004,12.12,0,85
EXP-84072,Penal,1,J-002,73.32,0,82
EXP-64447,Penal,4,J-004,79.03,0,157
EXP-85532,Laboral,2,J-003,22.34,0,74
EXP-21292,Laboral,1,J-002,70.91,0,82
EXP-16239,Penal,4,J-005,15.35,1,51
EXP-47543,Laboral,2,J-004,22.64,0,104
EXP-66943,Familiar,2,J-005,11.78,0,97
EXP-29540,Penal,4,J-005,43.9,1,60
EXP-21327,Laboral,4,J-003,91.01,0,166
EXP-91135,Familiar,2,J-001,37.95,0,78
EXP-45818,Laboral,5,J-002,57.51,0,127
EXP-90211,Penal,1,J-005,33.45,1,9
EXP-24362,Familiar,1,J-005,16.52,0,73
EXP-75090,Laboral,5,J-004,94.88,0,194
EXP-91622,Penal,3,J-004,41.29,0,109
EXP-70829,Penal,3,J-002,93.43,0,138
EXP-76474,Laboral,3,J-003,19.11,0,101
EXP-68607,Laboral,3,J-003,89.05,0,153
EXP-72017,Familiar,2,J-004,26.54,1,38
EXP-96024,Penal,1,J-005,50.92,1,26
EXP-20682,Penal,4,J-004,61.73,0,128
EXP-57832,Penal,5,J-003,13.79,1,80
EXP-30455,Penal,5,J-002,58.86,0,137
EXP-53640,Penal,3,J-003,28.31,1,48
EXP-63940,Familiar,5,J-003,34.0,0,149
EXP-75163,Laboral,5,J-005,80.35,0,162
EXP-45043,Laboral,1,J-002,71.86,0,92
EXP-40026,Laboral,4,J-001,88.55,1,91
EXP-88070,Penal,2,J-005,55.31,1,38
EXP-73263,Penal,2,J-004,90.89,0,129
EXP-32226,Familiar,5,J-002,35.18,1,75
EXP-48154,Penal,4,J-002,27.15,0,134
EXP-17028,Laboral,3,J-001,38.23,1,34
EXP-74876,Familiar,3,J-004,62.78,1,48
EXP-82407,Familiar,5,J-001,10.1,0,143
EXP-47426,Penal,4,J-004,93.24,0,141
EXP-12989,Penal,1,J-002,14.88,0,83
EXP-78837,Familiar,4,J-001,12.87,0,140
EXP-35163,Familiar,2,J-004,56.07,1,26
EXP-87264,Penal,3,J-004,92.84,0,137
EXP-64270,Familiar,4,J-005,64.05,0,117
EXP-96912,Penal,2,J-004,16.85,0,87
EXP-11199,Penal,1,J-003,57.82,1,23
EXP-57757,Familiar,5,J-001,14.14,0,140
EXP-14843,Penal,3,J-002,59.49,0,107
EXP-29120,Laboral,1,J-001,68.77,1,19
EXP-69838,Laboral,2,J-005,69.65,0,104
EXP-56790,Familiar,1,J-003,15.72,0,97
EXP-48525,Laboral,2,J-002,94.75,0,125
EXP-41546,Familiar,5,J-002,21.91,1,81
EXP-93453,Laboral,5,J-003,31.63,0,142
EXP-31841,Familiar,2,J-003,75.29,0,119
EXP-29580,Laboral,3,J-001,35.76,1,39
EXP-37609,Laboral,5,J-003,76.97,0,183
EXP-15040,Penal,5,J-002,19.89,0,147
EXP-46394,Familiar,1,J-004,68.05,1,17
EXP-90553,Laboral,3,J-002,61.51,0,123
EXP-30099,Penal,1,J-003,25.55,1,10
EXP-77687,Laboral,3,J-005,53.81,0,116
EXP-71270,Familiar,4,J-005,50.88,0,120
EXP-18149,Penal,2,J-004,21.33,0,93
EXP-13313,Penal,4,J-002,45.19,0,134
EXP-37574,Laboral,4,J-002,31.62,0,110
EXP-35390,Laboral,3,J-003,85.58,0,153
EXP-73386,Laboral,2,J-004,67.31,0,88
EXP-52263,Penal,3,J-005,39.69,1,40
EXP-66763,Penal,2,J-002,63.28,0,105
EXP-86072,Laboral,3,J-001,68.22,1,47
EXP-82390,Laboral,2,J-004,43.9,0,101
EXP-18764,Penal,1,J-004,41.3,0,71
EXP-71449,Laboral,5,J-002,12.82,0,149
EXP-41729,Penal,5,J-005,69.63,1,64
EXP-53495,Penal,5,J-004,18.34,0,142
EXP-62134,Penal,4,J-003,48.02,1,66
EXP-83323,Laboral,5,J-003,22.36,0,144
EXP-26607,Laboral,1,J-004,33.11,0,78
EXP-10902,Laboral,2,J-003,45.37,0,84
EXP-58216,Laboral,4,J-001,32.93,1,78
EXP-49562,Familiar,2,J-001,55.25,0,73
EXP-67877,Penal,2,J-003,27.52,1,23
EXP-16283,Laboral,5,J-001,77.36,1,108
EXP-20713,Laboral,2,J-003,30.83,0,98
EXP-82435,Familiar,4,J-005,92.63,0,137
EXP-61825,Familiar,4,J-005,22.75,0,124
EXP-39352,Laboral,4,J-001,73.84,1,63
EXP-89153,Familiar,4,J-003,73.65,0,118
EXP-48513,Familiar,2,J-001,81.49,0,156
EXP-13915,Familiar,2,J-001,71.36,0,115
EXP-72037,Laboral,4,J-004,25.29,0,115
EXP-42094,Penal,4,J-001,25.48,0,126
EXP-33375,Penal,2,J-005,58.5,1,31
EXP-80866,Laboral,3,J-002,32.82,0,125
EXP-22145,Familiar,4,J-002,70.52,1,52
EXP-62474,Penal,3,J-005,63.63,1,59
EXP-69928,Familiar,2,J-005,57.94,0,93
EXP-62505,Familiar,3,J-004,45.18,1,63
EXP-56466,Penal,1,J-005,28.96,1,21
EXP-56535,Penal,5,J-004,68.26,0,129
EXP-77219,Laboral,3,J-002,92.16,0,139
EXP-14914,Laboral,4,J-002,75.26,0,164
EXP-86786,Familiar,3,J-004,74.22,1,42
EXP-94571,Familiar,4,J-002,42.64,1,60
EXP-53328,Penal,1,J-003,78.39,1,45
EXP-28590,Laboral,1,J-001,88.01,1,54
EXP-35812,Familiar,2,J-003,33.89,0,113
EXP-59509,Laboral,2,J-005,55.48,0,115
EXP-83562,Laboral,3,J-001,85.02,1,72
EXP-93824,Laboral,4,J-003,31.63,0,111
EXP-67626,Penal,2,J-005,83.49,1,65
EXP-75934,Penal,4,J-002,60.44,0,118
EXP-88569,Laboral,4,J-005,89.93,0,146
EXP-73776,Laboral,5,J-003,45.44,0,130
EXP-96595,Laboral,3,J-003,10.95,0,90
EXP-28554,Familiar,3,J-001,12.93,0,105
EXP-74718,Familiar,4,J-003,86.78,0,156
EXP-49835,Familiar,4,J-003,35.84,0,138
EXP-65269,Laboral,1,J-002,59.51,0,76
EXP-12787,Laboral,5,J-002,32.78,0,157
EXP-41684,Laboral,2,J-002,44.36,0,109
EXP-28874,Familiar,1,J-003,90.83,0,106
EXP-96220,Penal,2,J-004,86.56,0,139
EXP-24864,Penal,2,J-002,81.95,0,141
EXP-63273,Penal,3,J-003,92.35,1,87
EXP-38173,Familiar,4,J-005,82.33,0,153
EXP-68988,Penal,4,J-004,83.23,0,141
EXP-65292,Laboral,3,J-003,39.72,0,128
EXP-54053,Laboral,2,J-002,81.03,0,135
EXP-94697,Laboral,3,J-004,75.97,0,143
EXP-10856,Familiar,3,J-001,20.83,0,119
EXP-73292,Familiar,1,J-002,60.74,1,17
EXP-16754,Familiar,2,J-002,37.47,1,37
EXP-26695,Penal,5,J-001,29.1,0,129
EXP-95670,Laboral,3,J-003,20.85,0,124
EXP-82773,Penal,1,J-004,61.75,0,90
EXP-96415,Familiar,4,J-004,77.5,1,87
EXP-23904,Laboral,2,J-005,43.31,0,114
EXP-55217,Familiar,5,J-002,78.24,1,126
EXP-34631,Penal,2,J-003,93.49,1,72
EXP-73838,Penal,3,J-003,11.31,1,48
EXP-92595,Familiar,2,J-002,20.93,1,32
EXP-29892,Familiar,5,J-002,93.34,1,129
EXP-66664,Penal,2,J-005,42.51,1,48
EXP-15889,Penal,5,J-003,89.7,1,114
EXP-32611,Penal,1,J-004,11.22,0,77
EXP-34871,Penal,2,J-002,93.74,0,124
EXP-17043,Familiar,4,J-004,31.84,1,51
EXP-72214,Penal,1,J-005,87.15,1,70
EXP-20776,Familiar,2,J-005,39.78,0,100
EXP-88426,Familiar,3,J-005,38.35,0,93
EXP-94263,Penal,3,J-003,13.93,1,50
EXP-90766,Familiar,4,J-002,70.3,1,68
EXP-70094,Laboral,2,J-005,12.75,0,83
EXP-97476,Laboral,5,J-002,35.64,0,133
EXP-33976,Laboral,4,J-001,30.05,1,66
EXP-70894,Familiar,5,J-005,92.26,0,193
EXP-68300,Laboral,1,J-001,86.7,1,49
EXP-73145,Penal,1,J-004,87.86,0,127
EXP-28668,Laboral,2,J-004,77.11,0,134
EXP-42894,Penal,1,J-002,71.48,0,87
EXP-77337,Familiar,2,J-005,94.31,0,134
EXP-31699,Familiar,3,J-001,34.57,0,115
EXP-48966,Laboral,1,J-004,92.3,0,108
EXP-47953,Familiar,3,J-005,56.44,0,119
EXP-13288,Laboral,1,J-005,91.07,0,111
EXP-99559,Laboral,4,J-004,34.66,0,113
EXP-83683,Laboral,3,J-004,77.84,0,152
EXP-19873,Penal,4,J-005,84.02,1,106
EXP-94544,Familiar,5,J-005,87.01,0,188
EXP-82202,Laboral,5,J-005,70.9,0,129
EXP-58775,Laboral,3,J-002,61.7,0,111
EXP-52112,Laboral,5,J-005,64.86,0,154
EXP-12266,Penal,3,J-001,16.17,0,128
EXP-24290,Laboral,2,J-003,51.47,0,104
EXP-72998,Laboral,1,J-005,75.08,0,111
EXP-87573,Familiar,1,J-001,66.93,0,91
EXP-65227,Penal,1,J-002,19.25,0,69
EXP-96178,Familiar,4,J-001,36.49,0,116
EXP-17648,Laboral,3,J-001,19.19,1,50
EXP-26024,Familiar,3,J-005,26.74,0,106
EXP-79684,Familiar,3,J-001,76.55,0,154
EXP-51536,Familiar,3,J-005,91.27,0,140
EXP-92846,Laboral,1,J-005,34.07,0,77
EXP-95340,Familiar,1,J-005,82.67,0,77
EXP-69684,Familiar,1,J-004,44.58,1,22
EXP-55131,Penal,4,J-002,41.83,0,106
EXP-35939,Familiar,2,J-001,48.15,0,93
EXP-68077,Laboral,4,J-005,87.04,0,180
EXP-89469,Laboral,5,J-001,30.18,1,89
EXP-29290,Penal,3,J-004,83.06,0,146
EXP-22894,Laboral,4,J-003,58.41,0,138
EXP-96139,Laboral,2,J-003,44.99,0,106
EXP-24829,Familiar,5,J-002,79.65,1,117
EXP-85819,Familiar,2,J-001,38.8,0,99
EXP-12912,Penal,2,J-001,19.63,0,112
EXP-46767,Familiar,5,J-004,46.94,1,76
EXP-32966,Penal,5,J-003,64.1,1,82
EXP-21566,Penal,1,J-005,88.51,1,58
EXP-48643,Laboral,2,J-004,72.82,0,110
EXP-74257,Laboral,2,J-005,15.12,0,86
EXP-36564,Laboral,5,J-004,26.82,0,165
EXP-22781,Laboral,3,J-004,55.6,0,103
EXP-54754,Laboral,3,J-002,41.69,0,123
EXP-12695,Laboral,1,J-002,81.16,0,120
EXP-37289,Laboral,4,J-001,73.65,1,55
EXP-26257,Penal,5,J-004,36.68,0,142
EXP-13602,Familiar,2,J-004,93.94,1,60
EXP-87535,Familiar,1,J-003,32.56,0,65
EXP-45074,Laboral,5,J-001,18.69,1,72
EXP-93175,Familiar,4,J-005,80.71,0,167
EXP-61766,Penal,4,J-004,49.36,0,116
EXP-32386,Laboral,4,J-004,76.61,0,140
EXP-90501,Penal,2,J-002,45.83,0,93
EXP-45091,Familiar,1,J-004,24.23,1,5
EXP-47685,Laboral,4,J-003,14.54,0,135
EXP-73937,Laboral,5,J-005,34.09,0,147
EXP-51740,Laboral,4,J-001,27.5,1,56
EXP-20920,Familiar,2,J-004,57.37,1,37
EXP-77328,Penal,3,J-004,69.84,0,92
EXP-69383,Penal,5,J-005,10.71,1,81
EXP-51649,Familiar,4,J-001,92.42,0,172
EXP-40699,Familiar,5,J-003,70.25,0,132
EXP-67737,Familiar,3,J-004,89.9,1,61
EXP-92317,Familiar,5,J-004,18.33,1,72
EXP-20562,Laboral,5,J-002,15.01,0,126
EXP-27190,Penal,3,J-005,19.65,1,54
EXP-92118,Penal,1,J-003,88.24,1,41
EXP-80508,Familiar,4,J-005,66.05,0,128
EXP-93445,Familiar,4,J-003,76.35,0,166
EXP-51640,Laboral,5,J-003,16.08,0,129
EXP-95085,Laboral,2,J-004,41.37,0,90
EXP-80359,Laboral,4,J-003,64.16,0,111
EXP-27412,Penal,3,J-002,66.52,0,102
EXP-96992,Laboral,3,J-005,29.09,0,112
EXP-73823,Penal,5,J-004,66.72,0,145
EXP-79361,Laboral,1,J-001,71.73,1,14
EXP-10087,Familiar,5,J-001,57.74,0,152
EXP-80336,Familiar,1,J-001,14.44,0,98
EXP-98480,Familiar,3,J-004,67.09,1,50
EXP-27918,Laboral,2,J-005,18.03,0,106
EXP-12401,Laboral,4,J-003,12.56,0,103
EXP-56642,Laboral,5,J-002,28.22,0,137
EXP-69203,Penal,5,J-003,11.31,1,79
EXP-21732,Penal,5,J-004,73.96,0,136
EXP-36227,Laboral,3,J-003,82.1,0,168
EXP-38833,Laboral,3,J-005,51.64,0,107
EXP-30346,Laboral,5,J-004,34.57,0,165
EXP-96485,Familiar,4,J-005,55.85,0,138
EXP-37925,Familiar,1,J-005,60.63,0,86
EXP-85145,Laboral,3,J-005,90.86,0,166
EXP-98218,Laboral,4,J-004,89.86,0,159
EXP-64818,Penal,5,J-005,49.6,1,84
EXP-30071,Familiar,1,J-003,70.56,0,68
EXP-54134,Penal,5,J-002,18.63,0,133
EXP-51683,Penal,3,J-004,15.98,0,113
EXP-27228,Familiar,3,J-001,83.31,0,140
EXP-80399,Penal,1,J-001,68.61,0,94
EXP-74057,Familiar,2,J-004,13.86,1,34
EXP-21926,Familiar,2,J-005,22.23,0,96
EXP-97080,Laboral,1,J-005,50.29,0,82
EXP-46807,Laboral,1,J-004,47.28,0,66
EXP-79527,Familiar,2,J-002,11.43,1,31
EXP-55584,Penal,2,J-005,18.04,1,34
EXP-51326,Penal,3,J-001,65.37,0,119
EXP-16775,Penal,1,J-004,26.11,0,93
EXP-33856,Laboral,3,J-005,12.79,0,101
EXP-71133,Familiar,5,J-002,22.04,1,76
EXP-40531,Laboral,5,J-004,32.22,0,143
EXP-83954,Familiar,3,J-005,92.24,0,157
EXP-50043,Penal,3,J-002,93.43,0,121
EXP-68384,Penal,5,J-005,28.56,1,86
EXP-72332,Laboral,4,J-003,91.94,0,131
EXP-76688,Laboral,2,J-004,38.28,0,99
EXP-66352,Familiar,5,J-002,35.45,1,85
EXP-86206,Laboral,5,J-002,12.31,0,117
EXP-82042,Laboral,4,J-001,51.63,1,64
EXP-39814,Familiar,1,J-003,87.43,0,118
EXP-67045,Laboral,5,J-004,46.57,0,140
EXP-50617,Penal,1,J-003,38.04,1,11
EXP-86562,Familiar,5,J-005,42.32,0,122
EXP-60089,Familiar,4,J-004,49.93,1,56
EXP-36732,Penal,4,J-001,16.37,0,129
EXP-59893,Familiar,3,J-005,14.36,0,105
EXP-10536,Familiar,3,J-004,73.0,1,54
EXP-27948,Penal,3,J-002,58.0,0,116
EXP-91468,Familiar,3,J-002,57.57,1,53
EXP-29141,Laboral,4,J-003,64.18,0,136
EXP-57672,Familiar,4,J-002,61.26,1,56
EXP-22320,Laboral,1,J-003,75.47,0,115
EXP-34892,Laboral,3,J-003,89.35,0,125
EXP-65259,Familiar,5,J-005,27.81,0,148
EXP-20050,Penal,4,J-004,63.78,0,118
EXP-57437,Familiar,2,J-002,79.65,1,57
EXP-23828,Familiar,4,J-001,51.71,0,134
EXP-18358,Laboral,5,J-002,72.26,0,122
EXP-21922,Laboral,1,J-005,60.04,0,92
EXP-99388,Laboral,4,J-001,53.73,1,65
EXP-31189,Laboral,5,J-005,71.99,0,144
EXP-70368,Penal,1,J-001,81.04,0,116
EXP-80602,Laboral,4,J-002,66.42,0,131
EXP-96517,Penal,2,J-002,66.61,0,96
EXP-49996,Laboral,2,J-001,58.04,1,26
EXP-44743,Penal,2,J-002,82.48,0,131
EXP-69602,Penal,4,J-005,26.82,1,73
EXP-47645,Laboral,1,J-003,89.75,0,110
EXP-22940,Laboral,2,J-003,57.31,0,102
EXP-62883,Penal,3,J-004,62.35,0,115
EXP-52565,Penal,2,J-004,91.02,0,144
EXP-68444,Laboral,2,J-004,35.61,0,98
EXP-27891,Penal,2,J-001,86.11,0,119
EXP-70557,Familiar,5,J-005,55.53,0,141
EXP-37946,Laboral,2,J-001,25.95,1,34
EXP-79093,Penal,4,J-005,74.8,1,59
EXP-28747,Laboral,2,J-004,59.81,0,95
EXP-56273,Penal,2,J-002,28.96,0,90
EXP-49685,Familiar,4,J-005,38.95,0,114
EXP-83338,Penal,5,J-001,80.86,0,165
EXP-15341,Laboral,4,J-003,41.35,0,120
EXP-80796,Penal,5,J-002,83.02,0,169
EXP-52006,Penal,4,J-004,75.54,0,148
EXP-30677,Familiar,3,J-001,92.13,0,145
EXP-76521,Penal,2,J-003,72.12,1,29
EXP-99886,Laboral,2,J-005,40.71,0,111
EXP-74527,Laboral,4,J-003,44.91,0,127
EXP-88787,Penal,2,J-005,82.92,1,69
EXP-23632,Penal,1,J-003,56.25,1,19
EXP-13821,Laboral,2,J-004,21.34,0,104
EXP-58470,Familiar,5,J-001,14.85,0,128
EXP-33675,Penal,1,J-001,20.97,0,83
EXP-12870,Familiar,2,J-004,64.4,1,42
EXP-40494,Laboral,5,J-002,14.16,0,147
EXP-62982,Penal,4,J-002,10.1,0,131
EXP-53197,Laboral,5,J-004,63.18,0,148
EXP-88563,Penal,4,J-004,85.1,0,165
EXP-91665,Penal,4,J-003,38.91,1,58
EXP-69869,Laboral,4,J-005,65.62,0,123
EXP-83675,Laboral,5,J-005,47.57,0,138
EXP-60675,Laboral,1,J-003,34.58,0,86
EXP-34217,Familiar,3,J-001,34.16,0,114
EXP-45114,Penal,1,J-002,80.26,0,111
EXP-80689,Familiar,5,J-002,34.58,1,75
EXP-16750,Familiar,2,J-002,12.63,1,16
EXP-55404,Laboral,5,J-001,87.38,1,103
EXP-50982,Familiar,2,J-004,22.45,1,33
EXP-62266,Familiar,5,J-002,86.92,1,111
EXP-50760,Laboral,2,J-001,73.57,1,24
EXP-89602,Familiar,3,J-003,61.66,0,116
EXP-10515,Familiar,5,J-005,17.44,0,139
EXP-42408,Laboral,2,J-004,63.78,0,84
EXP-37607,Laboral,2,J-001,91.86,1,64
EXP-36474,Laboral,1,J-001,14.68,1,32
EXP-13303,Laboral,1,J-005,70.07,0,75
EXP-22107,Familiar,1,J-003,93.89,0,92
EXP-48913,Penal,1,J-004,23.48,0,78
EXP-74234,Penal,3,J-004,57.41,0,107
EXP-68040,Penal,3,J-005,94.4,1,73
EXP-52724,Familiar,4,J-003,54.84,0,123
EXP-18038,Penal,3,J-005,64.56,1,56
EXP-40338,Penal,2,J-002,12.3,0,94
EXP-11238,Penal,1,J-003,31.49,1,26
EXP-24091,Familiar,1,J-003,44.15,0,91
EXP-10753,Penal,4,J-001,30.44,0,128
EXP-27000,Penal,3,J-001,73.77,0,116
EXP-36094,Penal,2,J-004,63.92,0,104
EXP-97065,Familiar,4,J-005,56.15,0,122
EXP-35043,Familiar,3,J-004,81.31,1,79
EXP-81366,Familiar,3,J-002,50.17,1,57
EXP-21934,Familiar,4,J-004,37.26,1,59
EXP-88623,Familiar,1,J-005,59.43,0,88
EXP-47624,Familiar,2,J-002,45.31,1,33
EXP-32934,Laboral,1,J-005,13.34,0,68
EXP-81622,Familiar,2,J-004,54.37,1,34
EXP-89805,Penal,1,J-005,40.54,1,9
EXP-29516,Laboral,2,J-005,35.78,0,99
EXP-95213,Familiar,2,J-004,40.47,1,21
EXP-87181,Familiar,5,J-004,32.95,1,70
EXP-77910,Familiar,5,J-004,63.69,1,87
EXP-99502,Familiar,5,J-003,30.77,0,142
EXP-88848,Penal,3,J-003,21.84,1,58
EXP-84466,Laboral,4,J-004,51.01,0,103
EXP-87188,Penal,3,J-002,66.43,0,108
EXP-35206,Laboral,1,J-001,17.82,1,12
EXP-76253,Penal,3,J-002,27.3,0,110
EXP-93536,Laboral,5,J-002,20.33,0,146
EXP-87461,Familiar,4,J-004,91.98,1,110
EXP-49270,Laboral,4,J-002,62.09,0,129
EXP-17261,Penal,2,J-005,15.8,1,22
EXP-36581,Familiar,4,J-005,22.6,0,137
EXP-21377,Laboral,1,J-003,52.82,0,94
EXP-41338,Laboral,4,J-005,64.52,0,128
EXP-42915,Familiar,4,J-002,36.34,1,76
EXP-70400,Laboral,3,J-001,53.12,1,38
EXP-43007,Laboral,5,J-003,77.02,0,167
EXP-36652,Laboral,3,J-004,13.5,0,106
EXP-56522,Familiar,4,J-005,12.45,0,141
EXP-37970,Laboral,2,J-005,82.71,0,146
EXP-42202,Laboral,2,J-005,50.92,0,115
EXP-18954,Laboral,3,J-005,16.07,0,98
EXP-41173,Laboral,2,J-002,73.69,0,105
EXP-20214,Penal,4,J-005,12.21,1,66
EXP-29156,Laboral,4,J-001,32.03,1,62
EXP-26631,Penal,5,J-005,13.5,1,87
EXP-61142,Laboral,4,J-003,80.51,0,171
EXP-89676,Familiar,2,J-001,23.86,0,87
EXP-41726,Laboral,3,J-004,54.66,0,110
EXP-37867,Penal,5,J-001,84.78,0,187
EXP-89065,Penal,5,J-002,60.51,0,139
EXP-67129,Laboral,2,J-002,13.17,0,94
EXP-86422,Laboral,3,J-005,91.16,0,143
EXP-44421,Penal,3,J-001,21.38,0,90
EXP-64216,Familiar,2,J-003,35.79,0,108
EXP-56158,Penal,2,J-005,58.28,1,26
EXP-50212,Familiar,5,J-004,83.31,1,96
EXP-57594,Penal,1,J-004,55.34,0,75
EXP-33190,Laboral,5,J-003,56.65,0,161
EXP-30848,Familiar,4,J-005,74.75,0,105
EXP-71742,Familiar,4,J-004,46.01,1,66
EXP-60973,Penal,5,J-003,66.3,1,83
EXP-22162,Familiar,2,J-003,36.8,0,109
EXP-52350,Laboral,5,J-003,62.17,0,156
EXP-50379,Familiar,2,J-002,27.62,1,35
EXP-36479,Familiar,5,J-002,47.87,1,70
EXP-48591,Familiar,2,J-002,79.22,1,63
EXP-25958,Familiar,3,J-001,55.44,0,96
EXP-93895,Penal,5,J-003,55.66,1,80
EXP-30785,Laboral,4,J-004,67.19,0,120
EXP-91522,Laboral,4,J-005,21.71,0,135
EXP-69348,Familiar,4,J-003,10.8,0,136
EXP-18256,Familiar,2,J-002,14.22,1,35
EXP-70664,Laboral,1,J-004,71.12,0,77
EXP-20147,Laboral,5,J-005,21.32,0,126
EXP-58512,Familiar,1,J-002,45.31,1,22
EXP-34882,Familiar,3,J-001,50.8,0,91
EXP-34869,Laboral,3,J-005,49.21,0,129
EXP-46691,Laboral,5,J-003,74.82,0,162
EXP-62193,Penal,4,J-001,82.37,0,148
EXP-50568,Penal,3,J-001,14.06,0,120
EXP-41322,Familiar,5,J-005,87.69,0,180
EXP-56794,Familiar,1,J-001,83.57,0,121
EXP-53920,Laboral,4,J-005,10.88,0,117
EXP-26277,Penal,4,J-003,68.29,1,71
EXP-86356,Penal,2,J-005,28.8,1,39
EXP-64391,Penal,3,J-001,68.42,0,92
EXP-66541,Penal,4,J-004,26.62,0,121
EXP-65034,Familiar,4,J-004,83.82,1,101
EXP-37600,Laboral,5,J-001,29.14,1,71
EXP-95279,Familiar,1,J-002,10.61,1,28
EXP-94161,Laboral,4,J-004,68.5,0,121
EXP-14784,Penal,1,J-003,50.19,1,13
EXP-99293,Laboral,4,J-004,20.61,0,127
EXP-58151,Penal,1,J-004,47.87,0,71
EXP-45908,Familiar,4,J-001,65.92,0,116
EXP-68346,Laboral,1,J-003,46.75,0,68
EXP-77870,Familiar,1,J-005,83.02,0,101
EXP-42916,Laboral,4,J-001,10.58,1,61
EXP-51075,Penal,3,J-002,60.51,0,122
EXP-40020,Penal,1,J-003,73.52,1,13
EXP-66254,Familiar,4,J-005,44.09,0,138
EXP-76561,Familiar,2,J-002,17.77,1,21
EXP-75634,Laboral,5,J-002,31.55,0,135
EXP-38316,Penal,2,J-001,65.37,0,103
EXP-33438,Penal,5,J-004,20.32,0,119
EXP-92481,Penal,3,J-005,82.32,1,68
EXP-71816,Penal,4,J-004,17.65,0,119
EXP-60072,Penal,5,J-004,17.28,0,160
EXP-54068,Familiar,4,J-005,88.68,0,153
EXP-41619,Penal,1,J-003,35.96,1,10
EXP-83885,Familiar,4,J-005,24.78,0,117
EXP-40827,Penal,4,J-004,37.55,0,121
EXP-58374,Penal,3,J-001,58.56,0,117
EXP-49301,Laboral,5,J-001,50.15,1,70
EXP-61775,Familiar,2,J-002,72.21,1,24
EXP-82323,Penal,3,J-004,77.78,0,174
EXP-80223,Laboral,1,J-003,18.33,0,82
EXP-57676,Penal,4,J-004,94.37,0,133
EXP-85182,Familiar,4,J-003,94.15,0,158
EXP-45459,Laboral,3,J-005,22.99,0,106
EXP-37757,Laboral,1,J-002,76.2,0,120
EXP-37959,Penal,4,J-002,13.23,0,122
EXP-11575,Laboral,1,J-004,59.38,0,72
EXP-12215,Familiar,5,J-005,81.39,0,160
EXP-70121,Penal,3,J-002,71.02,0,112
EXP-80046,Laboral,2,J-005,17.6,0,101
EXP-82319,Penal,3,J-004,71.46,0,102
EXP-73628,Laboral,2,J-004,10.44,0,78
EXP-43327,Laboral,1,J-003,91.13,0,93
EXP-36408,Laboral,5,J-001,94.19,1,110
EXP-56670,Laboral,4,J-004,80.88,0,150
EXP-81520,Laboral,5,J-005,88.17,0,185
EXP-94474,Laboral,3,J-002,91.04,0,144
EXP-81782,Penal,4,J-002,73.48,0,119
EXP-85162,Penal,5,J-001,50.4,0,141
EXP-38139,Penal,4,J-001,24.89,0,117
EXP-21537,Familiar,4,J-003,63.44,0,117
EXP-83040,Familiar,5,J-003,43.95,0,128
EXP-81762,Laboral,1,J-005,72.74,0,67
EXP-53055,Laboral,3,J-004,32.44,0,111
EXP-54497,Laboral,2,J-003,52.53,0,86
EXP-55219,Familiar,1,J-001,34.24,0,68
EXP-32878,Familiar,5,J-003,79.34,0,160
EXP-81592,Laboral,3,J-002,67.82,0,90
EXP-41101,Familiar,4,J-001,78.15,0,162
EXP-18826,Penal,2,J-002,78.16,0,133
EXP-80888,Laboral,1,J-002,26.2,0,86
EXP-14556,Penal,1,J-001,37.64,0,67
EXP-96917,Laboral,4,J-005,74.04,0,121
EXP-55873,Penal,2,J-002,37.95,0,90
EXP-31190,Familiar,4,J-005,54.86,0,100
EXP-45751,Familiar,1,J-002,51.67,1,7
EXP-51784,Laboral,5,J-003,62.65,0,149
EXP-28843,Familiar,2,J-002,68.46,1,33
EXP-56848,Laboral,4,J-004,19.88,0,127
EXP-13998,Penal,2,J-002,56.29,0,99
EXP-81357,Laboral,4,J-005,73.63,0,150
EXP-40882,Penal,3,J-003,46.78,1,49
EXP-24731,Laboral,1,J-001,46.81,1,21
EXP-62412,Laboral,2,J-003,52.3,0,104
EXP-11044,Familiar,1,J-002,60.57,1,22
EXP-20507,Laboral,3,J-001,49.66,1,41
EXP-55627,Laboral,4,J-003,72.37,0,116
EXP-42467,Familiar,2,J-003,89.27,0,131
EXP-67128,Familiar,3,J-003,69.64,0,104
EXP-52372,Penal,3,J-003,61.66,1,44
EXP-44038,Familiar,3,J-004,70.82,1,52
EXP-53086,Laboral,4,J-001,14.42,1,55
EXP-13207,Laboral,2,J-004,21.84,0,96
EXP-59298,Penal,4,J-001,86.09,0,162
EXP-69777,Laboral,4,J-005,15.92,0,125
EXP-30827,Penal,5,J-002,32.16,0,163
EXP-74067,Laboral,1,J-002,52.42,0,70
EXP-30519,Laboral,3,J-004,30.14,0,95
EXP-65868,Familiar,5,J-004,78.81,1,109
EXP-35821,Penal,3,J-003,56.71,1,48
EXP-64084,Laboral,4,J-004,17.47,0,121
EXP-22529,Penal,3,J-004,34.27,0,105
EXP-61644,Penal,3,J-004,35.85,0,117
EXP-85989,Laboral,3,J-001,71.21,1,52
EXP-87762,Penal,4,J-005,83.03,1,83
EXP-29466,Penal,3,J-002,76.56,0,158
EXP-24181,Laboral,1,J-003,53.6,0,98
EXP-31668,Laboral,1,J-003,26.18,0,75
EXP-50190,Penal,3,J-005,50.08,1,51
EXP-56702,Penal,2,J-002,81.03,0,129
EXP-54063,Penal,1,J-004,56.4,0,70
EXP-86048,Laboral,3,J-002,26.31,0,110
EXP-66133,Familiar,1,J-003,60.5,0,79
EXP-99317,Penal,2,J-003,19.41,1,32
EXP-92352,Penal,5,J-005,29.52,1,60
EXP-43869,Laboral,4,J-003,12.84,0,140
EXP-99230,Penal,2,J-003,67.4,1,45
EXP-80451,Laboral,5,J-002,76.0,0,172
EXP-61277,Familiar,2,J-001,31.61,0,75
EXP-55803,Laboral,1,J-003,10.82,0,82
EXP-14278,Familiar,2,J-003,92.3,0,147
EXP-26769,Familiar,5,J-005,40.28,0,150
EXP-50511,Familiar,3,J-003,30.53,0,91
EXP-15086,Familiar,1,J-003,85.31,0,125
EXP-25480,Familiar,2,J-001,28.58,0,91
EXP-28431,Penal,1,J-001,45.89,0,82
EXP-51966,Laboral,3,J-001,17.12,1,46
EXP-51293,Penal,2,J-004,81.39,0,141
EXP-94347,Familiar,5,J-002,40.3,1,80
EXP-29713,Familiar,4,J-005,27.7,0,128
EXP-11295,Penal,1,J-005,60.61,1,24
EXP-82445,Familiar,5,J-002,36.96,1,85
EXP-59871,Familiar,4,J-001,61.41,0,141
EXP-52647,Laboral,4,J-005,67.8,0,135
EXP-42664,Penal,2,J-005,21.07,1,37
EXP-47373,Laboral,4,J-004,34.14,0,143
EXP-33502,Familiar,2,J-001,83.48,0,128
EXP-53195,Laboral,4,J-005,74.68,0,127
EXP-56169,Familiar,5,J-002,25.65,1,75
EXP-79112,Penal,4,J-004,64.07,0,122
EXP-67257,Penal,5,J-002,25.46,0,140
EXP-28524,Familiar,1,J-001,55.03,0,70
EXP-63071,Penal,3,J-004,60.19,0,128
EXP-21589,Familiar,3,J-005,38.79,0,110
